Id, Nombre, Tiempo, Forma, Orientacion
0,E:\DataSet_Laboratory\people2\1\aprimeros500\2017-04-24_14-19-53~14-20-00_0.trk,23,0
1,E:\DataSet_Laboratory\people2\1\aprimeros500\2017-04-24_14-19-53~14-20-00_1.trk,15,0
2,E:\DataSet_Laboratory\people2\1\aprimeros500\2017-04-24_14-20-00~14-20-38_0.trk,73,0
3,E:\DataSet_Laboratory\people2\1\aprimeros500\2017-04-24_14-20-00~14-20-38_1.trk,25,0
4,E:\DataSet_Laboratory\people2\1\aprimeros500\2017-04-24_14-33-47~14-35-01_0.trk,54,0
5,E:\DataSet_Laboratory\people2\1\aprimeros500\2017-04-24_14-33-47~14-35-01_1.trk,83,0
6,E:\DataSet_Laboratory\people2\1\aprimeros500\2017-04-24_14-33-47~14-35-01_10.trk,51,0
7,E:\DataSet_Laboratory\people2\1\aprimeros500\2017-04-24_14-33-47~14-35-01_11.trk,64,0
8,E:\DataSet_Laboratory\people2\1\aprimeros500\2017-04-24_14-33-47~14-35-01_13.trk,14,0
9,E:\DataSet_Laboratory\people2\1\aprimeros500\2017-04-24_14-33-47~14-35-01_2.trk,104,0
10,E:\DataSet_Laboratory\people2\1\aprimeros500\2017-04-24_14-33-47~14-35-01_3.trk,82,0
11,E:\DataSet_Laboratory\people2\1\aprimeros500\2017-04-24_14-33-47~14-35-01_4.trk,27,0
12,E:\DataSet_Laboratory\people2\1\aprimeros500\2017-04-24_14-33-47~14-35-01_5.trk,20,0
13,E:\DataSet_Laboratory\people2\1\aprimeros500\2017-04-24_14-33-47~14-35-01_6.trk,20,0
14,E:\DataSet_Laboratory\people2\1\aprimeros500\2017-04-24_14-33-47~14-35-01_8.trk,24,0
15,E:\DataSet_Laboratory\people2\1\aprimeros500\2017-04-24_14-33-47~14-35-01_9.trk,14,0
16,E:\DataSet_Laboratory\people2\1\aprimeros500\2017-04-24_14-39-15~14-40-00_3.trk,52,0
17,E:\DataSet_Laboratory\people2\1\aprimeros500\2017-04-24_14-39-15~14-40-00_4.trk,73,0
18,E:\DataSet_Laboratory\people2\1\aprimeros500\2017-04-24_14-39-15~14-40-00_5.trk,50,0
19,E:\DataSet_Laboratory\people2\1\aprimeros500\2017-04-24_14-41-18~14-43-12_1.trk,65,0
20,E:\DataSet_Laboratory\people2\1\aprimeros500\2017-04-24_14-41-18~14-43-12_2.trk,17,0
21,E:\DataSet_Laboratory\people2\1\aprimeros500\2017-04-24_14-41-18~14-43-12_3.trk,69,0
22,E:\DataSet_Laboratory\people2\1\aprimeros500\2017-04-24_14-41-18~14-43-12_4.trk,15,0
23,E:\DataSet_Laboratory\people2\1\aprimeros500\2017-04-24_14-43-50~14-44-24_0.trk,11,0
24,E:\DataSet_Laboratory\people2\1\aprimeros500\2017-04-24_14-43-50~14-44-24_1.trk,105,0
25,E:\DataSet_Laboratory\people2\1\aprimeros500\2017-04-24_15-05-39~15-06-18_0.trk,53,0
26,E:\DataSet_Laboratory\people2\1\aprimeros500\2017-04-24_15-05-39~15-06-18_1.trk,16,0
27,E:\DataSet_Laboratory\people2\1\aprimeros500\2017-04-24_15-24-30~15-24-53_0.trk,97,0
28,E:\DataSet_Laboratory\people2\1\aprimeros500\2017-04-24_15-25-15~15-25-49_0.trk,66,0
29,E:\DataSet_Laboratory\people2\1\aprimeros500\2017-04-24_15-32-19~15-33-01_0.trk,43,0
30,E:\DataSet_Laboratory\people2\1\aprimeros500\2017-04-24_15-32-19~15-33-01_1.trk,27,0
31,E:\DataSet_Laboratory\people2\1\aprimeros500\2017-04-24_15-58-41~15-59-10_0.trk,53,0
32,E:\DataSet_Laboratory\people2\1\aprimeros500\2017-04-24_16-00-06~16-00-32_0.trk,213,0
33,E:\DataSet_Laboratory\people2\1\aprimeros500\2017-04-24_16-03-53~16-04-40_1.trk,90,0
34,E:\DataSet_Laboratory\people2\1\aprimeros500\2017-04-24_16-13-05~16-13-52_0.trk,48,0
35,E:\DataSet_Laboratory\people2\1\aprimeros500\2017-04-24_16-13-05~16-13-52_2.trk,60,0
36,E:\DataSet_Laboratory\people2\1\aprimeros500\2017-04-24_16-25-05~16-25-52_2.trk,83,0
37,E:\DataSet_Laboratory\people2\1\aprimeros500\2017-04-24_16-30-33~16-31-02_0.trk,53,0
38,E:\DataSet_Laboratory\people2\1\aprimeros500\2017-04-24_16-32-49~16-33-52_0.trk,49,0
39,E:\DataSet_Laboratory\people2\1\aprimeros500\2017-04-24_16-32-49~16-33-52_1.trk,42,0
40,E:\DataSet_Laboratory\people2\1\aprimeros500\2017-04-24_16-32-49~16-33-52_2.trk,92,0
41,E:\DataSet_Laboratory\people2\1\aprimeros500\2017-04-24_16-34-17~16-34-43_0.trk,56,0
42,E:\DataSet_Laboratory\people2\1\aprimeros500\2017-04-24_16-34-17~16-34-43_1.trk,127,0
43,E:\DataSet_Laboratory\people2\1\aprimeros500\2017-04-24_16-35-02~16-35-36_0.trk,24,0
44,E:\DataSet_Laboratory\people2\1\aprimeros500\2017-04-24_16-35-02~16-35-36_1.trk,30,0
45,E:\DataSet_Laboratory\people2\1\aprimeros500\2017-04-24_16-35-02~16-35-36_2.trk,16,0
46,E:\DataSet_Laboratory\people2\1\aprimeros500\2017-04-24_16-35-02~16-35-36_3.trk,20,0
47,E:\DataSet_Laboratory\people2\1\aprimeros500\2017-04-24_16-35-02~16-35-36_4.trk,13,0
48,E:\DataSet_Laboratory\people2\1\aprimeros500\2017-04-24_16-35-02~16-35-36_5.trk,19,0
49,E:\DataSet_Laboratory\people2\1\aprimeros500\2017-04-24_16-38-30~16-39-04_0.trk,60,0
50,E:\DataSet_Laboratory\people2\1\aprimeros500\2017-04-24_16-45-45~16-46-08_0.trk,33,0
51,E:\DataSet_Laboratory\people2\1\aprimeros500\2017-04-24_16-55-26~16-56-05_0.trk,18,0
52,E:\DataSet_Laboratory\people2\1\aprimeros500\2017-04-24_16-55-26~16-56-05_2.trk,18,0
53,E:\DataSet_Laboratory\people2\1\aprimeros500\2017-04-24_16-55-26~16-56-05_3.trk,37,0
54,E:\DataSet_Laboratory\people2\1\aprimeros500\2017-04-24_16-56-38~16-57-01_0.trk,79,0
55,E:\DataSet_Laboratory\people2\1\aprimeros500\2017-04-24_17-00-54~17-01-17_0.trk,58,0
56,E:\DataSet_Laboratory\people2\1\aprimeros500\2017-04-24_17-04-35~17-05-01_2.trk,10,0
57,E:\DataSet_Laboratory\people2\1\aprimeros500\2017-04-24_17-04-35~17-05-01_3.trk,35,0
58,E:\DataSet_Laboratory\people2\1\aprimeros500\2017-04-24_17-04-35~17-05-01_5.trk,48,0
59,E:\DataSet_Laboratory\people2\1\aprimeros500\2017-04-24_17-11-21~17-11-44_0.trk,53,0
60,E:\DataSet_Laboratory\people2\1\aprimeros500\2017-04-24_17-14-09~17-14-32_0.trk,77,0
61,E:\DataSet_Laboratory\people2\1\aprimeros500\2017-04-24_17-14-09~17-14-32_1.trk,17,0
62,E:\DataSet_Laboratory\people2\1\aprimeros500\2017-04-24_17-22-06~17-22-35_0.trk,44,0
63,E:\DataSet_Laboratory\people2\1\aprimeros500\2017-04-24_17-25-15~17-25-49_1.trk,72,0
64,E:\DataSet_Laboratory\people2\1\aprimeros500\2017-04-24_17-26-43~17-27-12_0.trk,52,0
65,E:\DataSet_Laboratory\people2\1\aprimeros500\2017-04-24_17-26-43~17-27-12_1.trk,49,0
66,E:\DataSet_Laboratory\people2\1\aprimeros500\2017-04-24_17-30-51~17-31-28_0.trk,37,0
67,E:\DataSet_Laboratory\people2\1\aprimeros500\2017-04-24_17-30-51~17-31-28_1.trk,24,0
68,E:\DataSet_Laboratory\people2\1\aprimeros500\2017-04-24_17-36-46~17-37-12_0.trk,68,0
69,E:\DataSet_Laboratory\people2\1\aprimeros500\2017-04-24_18-08-41~18-10-00_0.trk,77,0
70,E:\DataSet_Laboratory\people2\1\aprimeros500\2017-04-24_18-08-41~18-10-00_1.trk,46,0
71,E:\DataSet_Laboratory\people2\1\aprimeros500\2017-04-24_18-08-41~18-10-00_2.trk,18,0
72,E:\DataSet_Laboratory\people2\1\aprimeros500\2017-04-24_18-08-41~18-10-00_4.trk,25,0
73,E:\DataSet_Laboratory\people2\1\aprimeros500\2017-04-24_18-11-55~18-12-21_0.trk,57,0
74,E:\DataSet_Laboratory\people2\1\aprimeros500\2017-04-24_18-23-18~18-23-47_0.trk,23,0
75,E:\DataSet_Laboratory\people2\1\aprimeros500\2017-04-24_18-23-18~18-23-47_1.trk,38,0
76,E:\DataSet_Laboratory\people2\1\aprimeros500\2017-04-24_18-27-45~18-28-08_0.trk,122,0
77,E:\DataSet_Laboratory\people2\1\aprimeros500\2017-04-24_18-44-33~18-44-56_0.trk,44,0
78,E:\DataSet_Laboratory\people2\1\aprimeros500\2017-04-24_18-45-02~18-45-47_0.trk,40,0
79,E:\DataSet_Laboratory\people2\1\aprimeros500\2017-04-24_18-45-02~18-45-47_1.trk,69,0
80,E:\DataSet_Laboratory\people2\1\aprimeros500\2017-04-24_19-00-54~19-01-31_0.trk,64,0
81,E:\DataSet_Laboratory\people2\1\aprimeros500\2017-04-24_19-00-54~19-01-31_1.trk,17,0
82,E:\DataSet_Laboratory\people2\1\aprimeros500\2017-04-24_19-15-53~19-16-19_0.trk,70,0
83,E:\DataSet_Laboratory\people2\1\aprimeros500\2017-04-24_19-16-35~19-17-04_0.trk,54,0
84,E:\DataSet_Laboratory\people2\1\aprimeros500\2017-04-24_19-24-38~19-25-01_0.trk,287,0
85,E:\DataSet_Laboratory\people2\1\aprimeros500\2017-04-24_19-25-18~19-26-11_0.trk,121,0
86,E:\DataSet_Laboratory\people2\1\aprimeros500\2017-04-24_19-25-18~19-26-11_1.trk,107,0
87,E:\DataSet_Laboratory\people2\1\aprimeros500\2017-04-24_19-25-18~19-26-11_2.trk,35,0
88,E:\DataSet_Laboratory\people2\1\aprimeros500\2017-04-24_19-25-18~19-26-11_3.trk,11,0
89,E:\DataSet_Laboratory\people2\1\aprimeros500\2017-04-24_19-35-15~19-35-41_0.trk,27,0
90,E:\DataSet_Laboratory\people2\1\aprimeros500\2017-04-24_19-35-15~19-35-41_1.trk,45,0
91,E:\DataSet_Laboratory\people2\1\aprimeros500\2017-04-24_20-43-50~20-44-27_0.trk,50,0
92,E:\DataSet_Laboratory\people2\1\aprimeros500\2017-04-25_08-36-43~08-37-06_0.trk,98,0
93,E:\DataSet_Laboratory\people2\1\aprimeros500\2017-04-25_08-38-17~08-39-18_0.trk,47,0
94,E:\DataSet_Laboratory\people2\1\aprimeros500\2017-04-25_08-38-17~08-39-18_2.trk,19,0
95,E:\DataSet_Laboratory\people2\1\aprimeros500\2017-04-25_08-41-29~08-41-58_1.trk,34,0
96,E:\DataSet_Laboratory\people2\1\aprimeros500\2017-04-25_08-48-35~08-48-58_0.trk,52,0
97,E:\DataSet_Laboratory\people2\1\aprimeros500\2017-04-25_08-48-35~08-48-58_1.trk,19,0
98,E:\DataSet_Laboratory\people2\1\aprimeros500\2017-04-25_08-51-05~08-51-28_0.trk,22,0
99,E:\DataSet_Laboratory\people2\1\aprimeros500\2017-04-25_08-51-05~08-51-28_1.trk,19,0
100,E:\DataSet_Laboratory\people2\1\aprimeros500\2017-04-25_08-52-41~08-53-04_0.trk,25,0
101,E:\DataSet_Laboratory\people2\1\aprimeros500\2017-04-25_09-25-29~09-25-55_0.trk,57,0
102,E:\DataSet_Laboratory\people2\1\aprimeros500\2017-04-25_09-41-55~09-42-18_0.trk,54,0
103,E:\DataSet_Laboratory\people2\1\aprimeros500\2017-04-25_10-20-54~10-21-31_0.trk,87,0
104,E:\DataSet_Laboratory\people2\1\aprimeros500\2017-04-25_10-20-54~10-21-31_1.trk,66,0
105,E:\DataSet_Laboratory\people2\1\aprimeros500\2017-04-25_10-20-54~10-21-31_2.trk,44,0
106,E:\DataSet_Laboratory\people2\1\aprimeros500\2017-04-25_10-20-54~10-21-31_3.trk,216,0
107,E:\DataSet_Laboratory\people2\1\aprimeros500\2017-04-25_10-21-32~10-21-55_0.trk,118,0
108,E:\DataSet_Laboratory\people2\1\aprimeros500\2017-04-25_10-21-32~10-21-55_1.trk,12,0
109,E:\DataSet_Laboratory\people2\1\aprimeros500\2017-04-25_10-25-45~10-26-08_0.trk,32,0
110,E:\DataSet_Laboratory\people2\1\aprimeros500\2017-04-25_10-25-45~10-26-08_1.trk,58,0
111,E:\DataSet_Laboratory\people2\1\aprimeros500\2017-04-25_10-31-21~10-31-44_0.trk,24,0
112,E:\DataSet_Laboratory\people2\1\aprimeros500\2017-04-25_11-13-21~11-13-44_0.trk,132,0
113,E:\DataSet_Laboratory\people2\1\aprimeros500\2017-04-25_11-13-21~11-13-44_1.trk,40,0
114,E:\DataSet_Laboratory\people2\1\aprimeros500\2017-04-25_11-13-21~11-13-44_2.trk,88,0
115,E:\DataSet_Laboratory\people2\1\aprimeros500\2017-04-25_11-13-21~11-13-44_5.trk,18,0
116,E:\DataSet_Laboratory\people2\1\aprimeros500\2017-04-25_11-13-48~11-14-11_0.trk,59,0
117,E:\DataSet_Laboratory\people2\1\aprimeros500\2017-04-25_11-13-48~11-14-11_1.trk,15,0
118,E:\DataSet_Laboratory\people2\1\aprimeros500\2017-04-25_11-16-57~11-17-23_0.trk,50,0
119,E:\DataSet_Laboratory\people2\1\aprimeros500\2017-04-25_11-16-57~11-17-23_10.trk,31,0
120,E:\DataSet_Laboratory\people2\1\aprimeros500\2017-04-25_11-16-57~11-17-23_12.trk,10,0
121,E:\DataSet_Laboratory\people2\1\aprimeros500\2017-04-25_11-16-57~11-17-23_15.trk,28,0
122,E:\DataSet_Laboratory\people2\1\aprimeros500\2017-04-25_11-16-57~11-17-23_16.trk,14,0
123,E:\DataSet_Laboratory\people2\1\aprimeros500\2017-04-25_11-16-57~11-17-23_17.trk,58,0
124,E:\DataSet_Laboratory\people2\1\aprimeros500\2017-04-25_11-16-57~11-17-23_18.trk,24,0
125,E:\DataSet_Laboratory\people2\1\aprimeros500\2017-04-25_11-16-57~11-17-23_2.trk,65,0
126,E:\DataSet_Laboratory\people2\1\aprimeros500\2017-04-25_11-16-57~11-17-23_5.trk,24,0
127,E:\DataSet_Laboratory\people2\1\aprimeros500\2017-04-25_11-19-13~11-19-58_0.trk,478,0
128,E:\DataSet_Laboratory\people2\1\aprimeros500\2017-04-25_11-19-13~11-19-58_1.trk,533,0
129,E:\DataSet_Laboratory\people2\1\aprimeros500\2017-04-25_11-19-13~11-19-58_10.trk,15,0
130,E:\DataSet_Laboratory\people2\1\aprimeros500\2017-04-25_11-19-13~11-19-58_2.trk,43,0
131,E:\DataSet_Laboratory\people2\1\aprimeros500\2017-04-25_11-19-13~11-19-58_7.trk,64,0
132,E:\DataSet_Laboratory\people2\1\aprimeros500\2017-04-25_11-19-13~11-19-58_8.trk,106,0
133,E:\DataSet_Laboratory\people2\1\aprimeros500\2017-04-25_11-19-13~11-19-58_9.trk,62,0
134,E:\DataSet_Laboratory\people2\1\aprimeros500\2017-04-25_11-21-13~11-21-39_0.trk,204,0
135,E:\DataSet_Laboratory\people2\1\aprimeros500\2017-04-25_11-21-13~11-21-39_1.trk,319,0
136,E:\DataSet_Laboratory\people2\1\aprimeros500\2017-04-25_11-21-13~11-21-39_2.trk,34,0
137,E:\DataSet_Laboratory\people2\1\aprimeros500\2017-04-25_11-22-36~11-22-59_0.trk,240,0
138,E:\DataSet_Laboratory\people2\1\aprimeros500\2017-04-25_11-22-36~11-22-59_1.trk,32,0
139,E:\DataSet_Laboratory\people2\1\aprimeros500\2017-04-25_11-22-36~11-22-59_2.trk,13,0
140,E:\DataSet_Laboratory\people2\1\aprimeros500\2017-04-25_11-22-36~11-22-59_3.trk,53,0
141,E:\DataSet_Laboratory\people2\1\aprimeros500\2017-04-25_11-25-00~11-25-05_0.trk,64,0
142,E:\DataSet_Laboratory\people2\1\aprimeros500\2017-04-25_11-25-13~11-26-06_0.trk,95,0
143,E:\DataSet_Laboratory\people2\1\aprimeros500\2017-04-25_11-25-13~11-26-06_1.trk,301,0
144,E:\DataSet_Laboratory\people2\1\aprimeros500\2017-04-25_11-25-13~11-26-06_10.trk,16,0
145,E:\DataSet_Laboratory\people2\1\aprimeros500\2017-04-25_11-25-13~11-26-06_11.trk,61,0
146,E:\DataSet_Laboratory\people2\1\aprimeros500\2017-04-25_11-25-13~11-26-06_13.trk,53,0
147,E:\DataSet_Laboratory\people2\1\aprimeros500\2017-04-25_11-25-13~11-26-06_3.trk,11,0
148,E:\DataSet_Laboratory\people2\1\aprimeros500\2017-04-25_11-25-13~11-26-06_4.trk,12,0
149,E:\DataSet_Laboratory\people2\1\aprimeros500\2017-04-25_11-25-13~11-26-06_5.trk,17,0
150,E:\DataSet_Laboratory\people2\1\aprimeros500\2017-04-25_11-25-13~11-26-06_6.trk,11,0
151,E:\DataSet_Laboratory\people2\1\aprimeros500\2017-04-25_11-25-13~11-26-06_8.trk,121,0
152,E:\DataSet_Laboratory\people2\1\aprimeros500\2017-04-25_11-25-13~11-26-06_9.trk,70,0
153,E:\DataSet_Laboratory\people2\1\aprimeros500\2017-04-25_11-56-11~11-57-36_1.trk,45,0
154,E:\DataSet_Laboratory\people2\1\aprimeros500\2017-04-25_11-56-11~11-57-36_2.trk,72,0
155,E:\DataSet_Laboratory\people2\1\aprimeros500\2017-04-25_11-56-11~11-57-36_3.trk,12,0
156,E:\DataSet_Laboratory\people2\1\aprimeros500\2017-04-25_11-56-11~11-57-36_4.trk,24,0
157,E:\DataSet_Laboratory\people2\1\aprimeros500\2017-04-25_11-56-11~11-57-36_5.trk,59,0
158,E:\DataSet_Laboratory\people2\1\aprimeros500\2017-04-25_11-56-11~11-57-36_6.trk,95,0
159,E:\DataSet_Laboratory\people2\1\aprimeros500\2017-04-25_11-56-11~11-57-36_7.trk,25,0
160,E:\DataSet_Laboratory\people2\1\aprimeros500\2017-04-25_11-56-11~11-57-36_8.trk,61,0
161,E:\DataSet_Laboratory\people2\1\aprimeros500\2017-04-25_12-00-09~12-00-35_0.trk,80,0
162,E:\DataSet_Laboratory\people2\1\aprimeros500\2017-04-25_12-00-09~12-00-35_1.trk,97,0
163,E:\DataSet_Laboratory\people2\1\aprimeros500\2017-04-25_12-00-09~12-00-35_2.trk,20,0
164,E:\DataSet_Laboratory\people2\1\aprimeros500\2017-04-25_12-00-09~12-00-35_3.trk,10,0
165,E:\DataSet_Laboratory\people2\1\aprimeros500\2017-04-25_12-01-53~12-02-19_1.trk,97,0
166,E:\DataSet_Laboratory\people2\1\aprimeros500\2017-04-25_12-07-53~12-08-24_1.trk,74,0
167,E:\DataSet_Laboratory\people2\1\aprimeros500\2017-04-25_12-12-03~12-12-37_0.trk,53,0
168,E:\DataSet_Laboratory\people2\1\aprimeros500\2017-04-25_12-15-23~12-16-00_1.trk,99,0
169,E:\DataSet_Laboratory\people2\1\aprimeros500\2017-04-25_12-20-01~12-20-22_0.trk,47,0
170,E:\DataSet_Laboratory\people2\1\aprimeros500\2017-04-25_12-20-01~12-20-22_1.trk,91,0
171,E:\DataSet_Laboratory\people2\1\aprimeros500\2017-04-25_12-32-54~12-33-23_0.trk,42,0
172,E:\DataSet_Laboratory\people2\1\aprimeros500\2017-04-25_12-36-49~12-37-42_1.trk,112,0
173,E:\DataSet_Laboratory\people2\1\aprimeros500\2017-04-25_12-36-49~12-37-42_5.trk,157,0
174,E:\DataSet_Laboratory\people2\1\aprimeros500\2017-04-25_12-41-26~12-42-00_0.trk,416,0
175,E:\DataSet_Laboratory\people2\1\aprimeros500\2017-04-25_12-41-26~12-42-00_1.trk,24,0
176,E:\DataSet_Laboratory\people2\1\aprimeros500\2017-04-25_12-41-26~12-42-00_2.trk,69,0
177,E:\DataSet_Laboratory\people2\1\aprimeros500\2017-04-25_12-44-38~12-45-01_0.trk,52,0
178,E:\DataSet_Laboratory\people2\1\aprimeros500\2017-04-25_13-00-19~13-01-09_0.trk,36,0
179,E:\DataSet_Laboratory\people2\1\aprimeros500\2017-04-25_13-00-19~13-01-09_1.trk,109,0
180,E:\DataSet_Laboratory\people2\1\aprimeros500\2017-04-25_13-00-19~13-01-09_2.trk,58,0
181,E:\DataSet_Laboratory\people2\1\aprimeros500\2017-04-25_13-00-19~13-01-09_3.trk,55,0
182,E:\DataSet_Laboratory\people2\1\aprimeros500\2017-04-25_13-00-19~13-01-09_4.trk,12,0
183,E:\DataSet_Laboratory\people2\1\aprimeros500\2017-04-25_13-00-19~13-01-09_6.trk,39,0
184,E:\DataSet_Laboratory\people2\1\aprimeros500\2017-04-25_13-01-15~13-01-52_0.trk,21,0
185,E:\DataSet_Laboratory\people2\1\aprimeros500\2017-04-25_13-01-15~13-01-52_1.trk,14,0
186,E:\DataSet_Laboratory\people2\1\aprimeros500\2017-04-25_13-02-06~13-02-35_0.trk,43,0
187,E:\DataSet_Laboratory\people2\1\aprimeros500\2017-04-25_13-05-07~13-05-30_0.trk,133,0
188,E:\DataSet_Laboratory\people2\1\aprimeros500\2017-04-25_13-05-07~13-05-30_1.trk,25,0
189,E:\DataSet_Laboratory\people2\1\aprimeros500\2017-04-25_13-05-37~13-06-06_1.trk,12,0
190,E:\DataSet_Laboratory\people2\1\aprimeros500\2017-04-25_13-05-37~13-06-06_5.trk,17,0
191,E:\DataSet_Laboratory\people2\1\aprimeros500\2017-04-25_13-05-37~13-06-06_6.trk,14,0
192,E:\DataSet_Laboratory\people2\1\aprimeros500\2017-04-25_13-08-49~13-09-23_1.trk,64,0
193,E:\DataSet_Laboratory\people2\1\aprimeros500\2017-04-25_13-08-49~13-09-23_2.trk,11,0
194,E:\DataSet_Laboratory\people2\1\aprimeros500\2017-04-25_13-23-39~13-24-02_0.trk,181,0
195,E:\DataSet_Laboratory\people2\1\aprimeros500\2017-04-25_13-38-56~13-39-33_0.trk,446,0
196,E:\DataSet_Laboratory\people2\1\aprimeros500\2017-04-25_13-38-56~13-39-33_1.trk,65,0
197,E:\DataSet_Laboratory\people2\1\aprimeros500\2017-04-25_13-40-00~13-40-16_0.trk,192,0
198,E:\DataSet_Laboratory\people2\1\aprimeros500\2017-04-25_13-44-03~13-45-01_0.trk,82,0
199,E:\DataSet_Laboratory\people2\1\aprimeros500\2017-04-25_13-44-03~13-45-01_1.trk,111,0
200,E:\DataSet_Laboratory\people2\1\aprimeros500\2017-04-25_13-50-17~13-50-51_0.trk,64,0
201,E:\DataSet_Laboratory\people2\1\aprimeros500\2017-04-25_14-14-46~14-15-01_0.trk,50,0
202,E:\DataSet_Laboratory\people2\1\aprimeros500\2017-04-25_14-19-39~14-20-00_0.trk,59,0
203,E:\DataSet_Laboratory\people2\1\aprimeros500\2017-04-25_14-21-42~14-22-16_1.trk,103,0
204,E:\DataSet_Laboratory\people2\1\aprimeros500\2017-04-25_14-22-33~14-23-10_1.trk,76,0
205,E:\DataSet_Laboratory\people2\1\aprimeros500\2017-04-25_14-34-11~14-34-42_0.trk,44,0
206,E:\DataSet_Laboratory\people2\1\aprimeros500\2017-04-25_14-35-44~14-36-18_2.trk,68,0
207,E:\DataSet_Laboratory\people2\1\aprimeros500\2017-04-25_14-39-15~14-40-00_1.trk,91,0
208,E:\DataSet_Laboratory\people2\1\aprimeros500\2017-04-25_14-39-15~14-40-00_2.trk,39,0
209,E:\DataSet_Laboratory\people2\1\aprimeros500\2017-04-25_14-39-15~14-40-00_6.trk,19,0
210,E:\DataSet_Laboratory\people2\1\aprimeros500\2017-04-25_14-40-01~14-40-30_0.trk,28,0
211,E:\DataSet_Laboratory\people2\1\aprimeros500\2017-04-25_14-40-01~14-40-30_1.trk,27,0
212,E:\DataSet_Laboratory\people2\1\aprimeros500\2017-04-25_14-40-01~14-40-30_2.trk,39,0
213,E:\DataSet_Laboratory\people2\1\aprimeros500\2017-04-25_14-40-54~14-41-28_1.trk,78,0
214,E:\DataSet_Laboratory\people2\1\aprimeros500\2017-04-25_14-40-54~14-41-28_2.trk,10,0
215,E:\DataSet_Laboratory\people2\1\aprimeros500\2017-04-25_14-45-18~14-45-49_0.trk,211,0
216,E:\DataSet_Laboratory\people2\1\aprimeros500\2017-04-25_14-45-18~14-45-49_1.trk,79,0
217,E:\DataSet_Laboratory\people2\1\aprimeros500\2017-04-25_14-45-18~14-45-49_2.trk,17,0
218,E:\DataSet_Laboratory\people2\1\aprimeros500\2017-04-25_14-45-50~14-46-14_1.trk,47,0
219,E:\DataSet_Laboratory\people2\1\aprimeros500\2017-04-25_14-45-50~14-46-14_2.trk,18,0
220,E:\DataSet_Laboratory\people2\1\aprimeros500\2017-04-25_14-46-30~14-47-25_0.trk,29,0
221,E:\DataSet_Laboratory\people2\1\aprimeros500\2017-04-25_14-46-30~14-47-25_2.trk,79,0
222,E:\DataSet_Laboratory\people2\1\aprimeros500\2017-04-25_14-46-30~14-47-25_3.trk,36,0
223,E:\DataSet_Laboratory\people2\1\aprimeros500\2017-04-25_14-46-30~14-47-25_4.trk,35,0
224,E:\DataSet_Laboratory\people2\1\aprimeros500\2017-04-25_14-46-30~14-47-25_5.trk,18,0
225,E:\DataSet_Laboratory\people2\1\aprimeros500\2017-04-25_14-46-30~14-47-25_6.trk,30,0
226,E:\DataSet_Laboratory\people2\1\aprimeros500\2017-04-25_14-46-30~14-47-25_7.trk,20,0
227,E:\DataSet_Laboratory\people2\1\aprimeros500\2017-04-25_14-48-22~14-49-12_0.trk,25,0
228,E:\DataSet_Laboratory\people2\1\aprimeros500\2017-04-25_14-48-22~14-49-12_1.trk,20,0
229,E:\DataSet_Laboratory\people2\1\aprimeros500\2017-04-25_14-48-22~14-49-12_2.trk,36,0
230,E:\DataSet_Laboratory\people2\1\aprimeros500\2017-04-25_14-49-12~14-49-28_0.trk,18,0
231,E:\DataSet_Laboratory\people2\1\aprimeros500\2017-04-25_14-50-06~14-50-27_0.trk,54,0
232,E:\DataSet_Laboratory\people2\1\aprimeros500\2017-04-25_14-50-41~14-51-07_1.trk,17,0
233,E:\DataSet_Laboratory\people2\1\aprimeros500\2017-04-25_14-53-12~14-53-51_0.trk,131,0
234,E:\DataSet_Laboratory\people2\1\aprimeros500\2017-04-25_14-53-12~14-53-51_1.trk,65,0
235,E:\DataSet_Laboratory\people2\1\aprimeros500\2017-04-25_14-53-12~14-53-51_3.trk,63,0
236,E:\DataSet_Laboratory\people2\1\aprimeros500\2017-04-25_14-53-12~14-53-51_4.trk,17,0
237,E:\DataSet_Laboratory\people2\1\aprimeros500\2017-04-25_14-54-00~14-54-34_0.trk,43,0
238,E:\DataSet_Laboratory\people2\1\aprimeros500\2017-04-25_14-54-00~14-54-34_1.trk,44,0
239,E:\DataSet_Laboratory\people2\1\aprimeros500\2017-04-25_14-55-02~14-55-26_0.trk,43,0
240,E:\DataSet_Laboratory\people2\1\aprimeros500\2017-04-25_15-03-58~15-04-43_1.trk,53,0
241,E:\DataSet_Laboratory\people2\1\aprimeros500\2017-04-25_15-03-58~15-04-43_3.trk,132,0
242,E:\DataSet_Laboratory\people2\1\aprimeros500\2017-04-25_15-03-58~15-04-43_4.trk,26,0
243,E:\DataSet_Laboratory\people2\1\aprimeros500\2017-04-25_15-10-59~15-11-30_0.trk,34,0
244,E:\DataSet_Laboratory\people2\1\aprimeros500\2017-04-25_15-12-17~15-12-51_2.trk,44,0
245,E:\DataSet_Laboratory\people2\1\aprimeros500\2017-04-25_15-17-47~15-19-44_10.trk,34,0
246,E:\DataSet_Laboratory\people2\1\aprimeros500\2017-04-25_15-17-47~15-19-44_11.trk,26,0
247,E:\DataSet_Laboratory\people2\1\aprimeros500\2017-04-25_15-17-47~15-19-44_2.trk,26,0
248,E:\DataSet_Laboratory\people2\1\aprimeros500\2017-04-25_15-17-47~15-19-44_3.trk,39,0
249,E:\DataSet_Laboratory\people2\1\aprimeros500\2017-04-25_15-17-47~15-19-44_4.trk,56,0
250,E:\DataSet_Laboratory\people2\1\aprimeros500\2017-04-25_15-17-47~15-19-44_5.trk,52,0
251,E:\DataSet_Laboratory\people2\1\aprimeros500\2017-04-25_15-17-47~15-19-44_6.trk,57,0
252,E:\DataSet_Laboratory\people2\1\aprimeros500\2017-04-25_15-17-47~15-19-44_7.trk,16,0
253,E:\DataSet_Laboratory\people2\1\aprimeros500\2017-04-25_15-17-47~15-19-44_9.trk,45,0
254,E:\DataSet_Laboratory\people2\1\aprimeros500\2017-04-25_15-28-01~15-28-56_2.trk,50,0
255,E:\DataSet_Laboratory\people2\1\aprimeros500\2017-04-25_15-28-01~15-28-56_3.trk,64,0
256,E:\DataSet_Laboratory\people2\1\aprimeros500\2017-04-25_15-28-01~15-28-56_4.trk,18,0
257,E:\DataSet_Laboratory\people2\1\aprimeros500\2017-04-25_15-33-10~15-34-03_3.trk,98,0
258,E:\DataSet_Laboratory\people2\1\aprimeros500\2017-04-25_15-38-43~15-39-17_0.trk,64,0
259,E:\DataSet_Laboratory\people2\1\aprimeros500\2017-04-25_15-40-19~15-40-53_0.trk,64,0
260,E:\DataSet_Laboratory\people2\1\aprimeros500\2017-04-25_15-44-25~15-45-02_0.trk,448,0
261,E:\DataSet_Laboratory\people2\1\aprimeros500\2017-04-25_15-44-25~15-45-02_2.trk,55,0
262,E:\DataSet_Laboratory\people2\1\aprimeros500\2017-04-25_15-45-10~15-46-46_0.trk,1152,0
263,E:\DataSet_Laboratory\people2\1\aprimeros500\2017-04-25_15-45-10~15-46-46_1.trk,62,0
264,E:\DataSet_Laboratory\people2\1\aprimeros500\2017-04-25_15-45-10~15-46-46_3.trk,61,0
265,E:\DataSet_Laboratory\people2\1\aprimeros500\2017-04-25_15-45-10~15-46-46_4.trk,26,0
266,E:\DataSet_Laboratory\people2\1\aprimeros500\2017-04-25_15-49-10~15-49-44_0.trk,416,0
267,E:\DataSet_Laboratory\people2\1\aprimeros500\2017-04-25_15-49-10~15-49-44_2.trk,14,0
268,E:\DataSet_Laboratory\people2\1\aprimeros500\2017-04-25_15-49-10~15-49-44_3.trk,21,0
269,E:\DataSet_Laboratory\people2\1\aprimeros500\2017-04-25_15-49-10~15-49-44_4.trk,96,0
270,E:\DataSet_Laboratory\people2\1\aprimeros500\2017-04-25_15-50-30~15-51-17_0.trk,111,0
271,E:\DataSet_Laboratory\people2\1\aprimeros500\2017-04-25_15-50-30~15-51-17_1.trk,318,0
272,E:\DataSet_Laboratory\people2\1\aprimeros500\2017-04-25_15-51-45~15-52-30_0.trk,399,0
273,E:\DataSet_Laboratory\people2\1\aprimeros500\2017-04-25_15-51-45~15-52-30_1.trk,102,0
274,E:\DataSet_Laboratory\people2\1\aprimeros500\2017-04-25_15-52-33~15-52-56_1.trk,211,0
275,E:\DataSet_Laboratory\people2\1\aprimeros500\2017-04-25_15-52-59~15-53-20_0.trk,78,0
276,E:\DataSet_Laboratory\people2\1\aprimeros500\2017-04-25_15-53-21~15-53-44_0.trk,197,0
277,E:\DataSet_Laboratory\people2\1\aprimeros500\2017-04-25_15-54-27~15-54-50_0.trk,188,0
278,E:\DataSet_Laboratory\people2\1\aprimeros500\2017-04-25_15-54-27~15-54-50_1.trk,24,0
279,E:\DataSet_Laboratory\people2\1\aprimeros500\2017-04-25_15-57-07~15-57-33_0.trk,129,0
280,E:\DataSet_Laboratory\people2\1\aprimeros500\2017-04-25_15-58-38~15-59-28_0.trk,17,0
281,E:\DataSet_Laboratory\people2\1\aprimeros500\2017-04-25_15-58-38~15-59-28_1.trk,56,0
282,E:\DataSet_Laboratory\people2\1\aprimeros500\2017-04-25_15-58-38~15-59-28_4.trk,23,0
283,E:\DataSet_Laboratory\people2\1\aprimeros500\2017-04-25_15-58-38~15-59-28_6.trk,45,0
284,E:\DataSet_Laboratory\people2\1\aprimeros500\2017-04-25_16-02-06~16-02-35_0.trk,53,0
285,E:\DataSet_Laboratory\people2\1\aprimeros500\2017-04-25_16-10-51~16-11-14_1.trk,73,0
286,E:\DataSet_Laboratory\people2\1\aprimeros500\2017-04-25_16-12-54~16-13-15_0.trk,134,0
287,E:\DataSet_Laboratory\people2\1\aprimeros500\2017-04-25_16-16-33~16-17-02_1.trk,77,0
288,E:\DataSet_Laboratory\people2\1\aprimeros500\2017-04-25_16-16-33~16-17-02_2.trk,27,0
289,E:\DataSet_Laboratory\people2\1\aprimeros500\2017-04-25_16-19-23~16-19-46_0.trk,12,0
290,E:\DataSet_Laboratory\people2\1\aprimeros500\2017-04-25_16-19-23~16-19-46_1.trk,16,0
291,E:\DataSet_Laboratory\people2\1\aprimeros500\2017-04-25_16-21-02~16-21-31_0.trk,100,0
292,E:\DataSet_Laboratory\people2\1\aprimeros500\2017-04-25_16-21-02~16-21-31_2.trk,278,0
293,E:\DataSet_Laboratory\people2\1\aprimeros500\2017-04-25_16-21-02~16-21-31_3.trk,13,0
294,E:\DataSet_Laboratory\people2\1\aprimeros500\2017-04-25_16-23-26~16-25-01_0.trk,238,0
295,E:\DataSet_Laboratory\people2\1\aprimeros500\2017-04-25_16-23-26~16-25-01_3.trk,123,0
296,E:\DataSet_Laboratory\people2\1\aprimeros500\2017-04-25_16-23-26~16-25-01_4.trk,10,0
297,E:\DataSet_Laboratory\people2\1\aprimeros500\2017-04-25_16-23-26~16-25-01_5.trk,43,0
298,E:\DataSet_Laboratory\people2\1\aprimeros500\2017-04-25_16-23-26~16-25-01_6.trk,85,0
299,E:\DataSet_Laboratory\people2\1\aprimeros500\2017-04-25_16-23-26~16-25-01_7.trk,16,0
300,E:\DataSet_Laboratory\people2\1\aprimeros500\2017-04-25_16-23-26~16-25-01_8.trk,46,0
301,E:\DataSet_Laboratory\people2\1\aprimeros500\2017-04-25_16-27-05~16-27-52_0.trk,69,0
302,E:\DataSet_Laboratory\people2\1\aprimeros500\2017-04-25_16-27-05~16-27-52_2.trk,32,0
303,E:\DataSet_Laboratory\people2\1\aprimeros500\2017-04-25_16-27-05~16-27-52_3.trk,54,0
304,E:\DataSet_Laboratory\people2\1\aprimeros500\2017-04-25_16-29-34~16-30-00_0.trk,136,0
305,E:\DataSet_Laboratory\people2\1\aprimeros500\2017-04-25_16-29-34~16-30-00_1.trk,22,0
306,E:\DataSet_Laboratory\people2\1\aprimeros500\2017-04-25_16-30-01~16-30-19_0.trk,22,0
307,E:\DataSet_Laboratory\people2\1\aprimeros500\2017-04-25_16-32-19~16-32-56_0.trk,19,0
308,E:\DataSet_Laboratory\people2\1\aprimeros500\2017-04-25_16-32-19~16-32-56_1.trk,20,0
309,E:\DataSet_Laboratory\people2\1\aprimeros500\2017-04-25_16-36-43~16-37-28_0.trk,19,0
310,E:\DataSet_Laboratory\people2\1\aprimeros500\2017-04-25_16-36-43~16-37-28_1.trk,33,0
311,E:\DataSet_Laboratory\people2\1\aprimeros500\2017-04-25_16-36-43~16-37-28_3.trk,42,0
312,E:\DataSet_Laboratory\people2\1\aprimeros500\2017-04-25_16-43-45~16-44-11_0.trk,36,0
313,E:\DataSet_Laboratory\people2\1\aprimeros500\2017-04-25_16-43-45~16-44-11_1.trk,24,0
314,E:\DataSet_Laboratory\people2\1\aprimeros500\2017-04-25_16-44-11~16-44-32_0.trk,67,0
315,E:\DataSet_Laboratory\people2\1\aprimeros500\2017-04-25_16-47-58~16-48-27_2.trk,81,0
316,E:\DataSet_Laboratory\people2\1\aprimeros500\2017-04-25_16-58-43~16-59-22_0.trk,44,0
317,E:\DataSet_Laboratory\people2\1\aprimeros500\2017-04-25_16-58-43~16-59-22_1.trk,62,0
318,E:\DataSet_Laboratory\people2\1\aprimeros500\2017-04-25_17-04-09~17-04-40_0.trk,46,0
319,E:\DataSet_Laboratory\people2\1\aprimeros500\2017-04-25_17-04-09~17-04-40_1.trk,59,0
320,E:\DataSet_Laboratory\people2\1\aprimeros500\2017-04-25_17-04-54~17-05-01_0.trk,33,0
321,E:\DataSet_Laboratory\people2\1\aprimeros500\2017-04-25_17-17-23~17-17-52_0.trk,17,0
322,E:\DataSet_Laboratory\people2\1\aprimeros500\2017-04-25_17-17-23~17-17-52_1.trk,35,0
323,E:\DataSet_Laboratory\people2\1\aprimeros500\2017-04-25_17-17-23~17-17-52_3.trk,10,0
324,E:\DataSet_Laboratory\people2\1\aprimeros500\2017-04-25_17-18-43~17-19-17_1.trk,55,0
325,E:\DataSet_Laboratory\people2\1\aprimeros500\2017-04-25_17-27-45~17-28-24_0.trk,72,0
326,E:\DataSet_Laboratory\people2\1\aprimeros500\2017-04-25_17-27-45~17-28-24_1.trk,129,0
327,E:\DataSet_Laboratory\people2\1\aprimeros500\2017-04-25_17-27-45~17-28-24_3.trk,114,0
328,E:\DataSet_Laboratory\people2\1\aprimeros500\2017-04-25_17-27-45~17-28-24_4.trk,19,0
329,E:\DataSet_Laboratory\people2\1\aprimeros500\2017-04-25_17-36-38~17-37-23_0.trk,62,0
330,E:\DataSet_Laboratory\people2\1\aprimeros500\2017-04-25_17-48-27~17-48-56_0.trk,64,0
331,E:\DataSet_Laboratory\people2\1\aprimeros500\2017-04-25_17-50-01~17-50-22_0.trk,47,0
332,E:\DataSet_Laboratory\people2\1\aprimeros500\2017-04-25_17-52-57~17-53-28_0.trk,36,0
333,E:\DataSet_Laboratory\people2\1\aprimeros500\2017-04-25_17-52-57~17-53-28_1.trk,16,0
334,E:\DataSet_Laboratory\people2\1\aprimeros500\2017-04-25_18-03-02~18-03-52_1.trk,159,0
335,E:\DataSet_Laboratory\people2\1\aprimeros500\2017-04-25_18-03-02~18-03-52_3.trk,167,0
336,E:\DataSet_Laboratory\people2\1\aprimeros500\2017-04-25_18-05-02~18-05-31_0.trk,63,0
337,E:\DataSet_Laboratory\people2\1\aprimeros500\2017-04-25_18-05-31~18-05-58_0.trk,43,0
338,E:\DataSet_Laboratory\people2\1\aprimeros500\2017-04-25_18-05-31~18-05-58_1.trk,15,0
339,E:\DataSet_Laboratory\people2\1\aprimeros500\2017-04-25_18-13-34~18-14-00_0.trk,45,0
340,E:\DataSet_Laboratory\people2\1\aprimeros500\2017-04-25_18-25-02~18-25-23_1.trk,20,0
341,E:\DataSet_Laboratory\people2\1\aprimeros500\2017-04-25_18-30-54~18-31-17_0.trk,33,0
342,E:\DataSet_Laboratory\people2\1\aprimeros500\2017-04-25_18-30-54~18-31-17_1.trk,35,0
343,E:\DataSet_Laboratory\people2\1\aprimeros500\2017-04-25_18-35-05~18-35-36_0.trk,51,0
344,E:\DataSet_Laboratory\people2\1\aprimeros500\2017-04-25_18-36-19~18-37-04_2.trk,27,0
345,E:\DataSet_Laboratory\people2\1\aprimeros500\2017-04-25_18-36-19~18-37-04_4.trk,35,0
346,E:\DataSet_Laboratory\people2\1\aprimeros500\2017-04-25_18-47-34~18-47-57_0.trk,15,0
347,E:\DataSet_Laboratory\people2\1\aprimeros500\2017-04-25_18-48-25~18-48-59_0.trk,103,0
348,E:\DataSet_Laboratory\people2\1\aprimeros500\2017-04-25_18-48-25~18-48-59_1.trk,153,0
349,E:\DataSet_Laboratory\people2\1\aprimeros500\2017-04-25_18-51-13~18-51-47_0.trk,44,0
350,E:\DataSet_Laboratory\people2\1\aprimeros500\2017-04-25_18-53-37~18-54-03_1.trk,12,0
351,E:\DataSet_Laboratory\people2\1\aprimeros500\2017-04-25_18-54-38~18-55-01_0.trk,37,0
352,E:\DataSet_Laboratory\people2\1\aprimeros500\2017-04-25_18-54-38~18-55-01_1.trk,39,0
353,E:\DataSet_Laboratory\people2\1\aprimeros500\2017-04-25_18-54-38~18-55-01_2.trk,40,0
354,E:\DataSet_Laboratory\people2\1\aprimeros500\2017-04-25_19-00-01~19-00-27_1.trk,65,0
355,E:\DataSet_Laboratory\people2\1\aprimeros500\2017-04-25_19-00-01~19-00-27_2.trk,13,0
356,E:\DataSet_Laboratory\people2\1\aprimeros500\2017-04-25_19-11-23~19-11-57_0.trk,55,0
357,E:\DataSet_Laboratory\people2\1\aprimeros500\2017-04-25_19-11-58~19-12-24_0.trk,11,0
358,E:\DataSet_Laboratory\people2\1\aprimeros500\2017-04-25_19-12-25~19-13-07_1.trk,30,0
359,E:\DataSet_Laboratory\people2\1\aprimeros500\2017-04-25_19-12-25~19-13-07_3.trk,38,0
360,E:\DataSet_Laboratory\people2\1\aprimeros500\2017-04-25_19-24-49~19-25-02_0.trk,18,0
361,E:\DataSet_Laboratory\people2\1\aprimeros500\2017-04-25_19-24-49~19-25-02_1.trk,23,0
362,E:\DataSet_Laboratory\people2\1\aprimeros500\2017-04-25_19-34-17~19-34-40_1.trk,18,0
363,E:\DataSet_Laboratory\people2\1\aprimeros500\2017-04-25_19-35-34~19-36-08_0.trk,57,0
364,E:\DataSet_Laboratory\people2\1\aprimeros500\2017-04-25_19-36-09~19-36-35_0.trk,49,0
365,E:\DataSet_Laboratory\people2\1\aprimeros500\2017-04-25_19-37-45~19-38-14_0.trk,42,0
366,E:\DataSet_Laboratory\people2\1\aprimeros500\2017-04-25_19-37-45~19-38-14_1.trk,10,0
367,E:\DataSet_Laboratory\people2\1\aprimeros500\2017-04-25_19-42-03~19-42-34_0.trk,109,0
368,E:\DataSet_Laboratory\people2\1\aprimeros500\2017-04-25_19-42-03~19-42-34_1.trk,270,0
369,E:\DataSet_Laboratory\people2\1\aprimeros500\2017-04-25_19-42-03~19-42-34_2.trk,191,0
370,E:\DataSet_Laboratory\people2\1\aprimeros500\2017-04-25_19-42-51~19-43-22_0.trk,119,0
371,E:\DataSet_Laboratory\people2\1\aprimeros500\2017-04-25_19-42-51~19-43-22_2.trk,28,0
372,E:\DataSet_Laboratory\people2\1\aprimeros500\2017-04-25_19-46-11~19-47-46_0.trk,53,0
373,E:\DataSet_Laboratory\people2\1\aprimeros500\2017-04-25_19-46-11~19-47-46_1.trk,69,0
374,E:\DataSet_Laboratory\people2\1\aprimeros500\2017-04-25_19-46-11~19-47-46_2.trk,21,0
375,E:\DataSet_Laboratory\people2\1\aprimeros500\2017-04-25_19-46-11~19-47-46_3.trk,23,0
376,E:\DataSet_Laboratory\people2\1\aprimeros500\2017-04-25_20-25-37~20-26-00_0.trk,12,0
377,E:\DataSet_Laboratory\people2\1\aprimeros500\2017-04-25_20-26-43~20-27-17_0.trk,26,0
378,E:\DataSet_Laboratory\people2\1\aprimeros500\2017-04-25_20-26-43~20-27-17_2.trk,14,0
379,E:\DataSet_Laboratory\people2\1\aprimeros500\2017-04-25_20-27-21~20-27-44_0.trk,14,0
380,E:\DataSet_Laboratory\people2\1\aprimeros500\2017-04-25_21-01-05~21-02-11_0.trk,24,0
381,E:\DataSet_Laboratory\people2\1\aprimeros500\2017-04-25_21-01-05~21-02-11_2.trk,15,0
382,E:\DataSet_Laboratory\people2\1\aprimeros500\2017-04-25_21-01-05~21-02-11_3.trk,50,0
383,E:\DataSet_Laboratory\people2\1\aprimeros500\2017-04-25_21-01-05~21-02-11_4.trk,11,0
384,E:\DataSet_Laboratory\people2\1\aprimeros500\2017-04-25_21-17-18~21-17-47_0.trk,42,0
385,E:\DataSet_Laboratory\people2\1\aprimeros500\2017-04-25_21-20-54~21-21-25_0.trk,47,0
386,E:\DataSet_Laboratory\people2\1\aprimeros500\2017-04-25_21-34-46~21-35-01_0.trk,36,0
387,E:\DataSet_Laboratory\people2\1\aprimeros500\2017-04-25_21-34-46~21-35-01_1.trk,65,0
388,E:\DataSet_Laboratory\people2\1\aprimeros500\2017-04-25_21-42-35~21-43-14_0.trk,23,0
389,E:\DataSet_Laboratory\people2\1\aprimeros500\2017-04-25_21-42-35~21-43-14_1.trk,24,0
390,E:\DataSet_Laboratory\people2\1\aprimeros500\2017-04-25_21-42-35~21-43-14_2.trk,12,0
391,E:\DataSet_Laboratory\people2\1\aprimeros500\2017-04-25_21-43-18~21-44-56_0.trk,144,0
392,E:\DataSet_Laboratory\people2\1\aprimeros500\2017-04-25_21-43-18~21-44-56_3.trk,10,0
393,E:\DataSet_Laboratory\people2\1\aprimeros500\2017-04-25_21-43-18~21-44-56_4.trk,81,0
394,E:\DataSet_Laboratory\people2\1\aprimeros500\2017-04-25_21-43-18~21-44-56_5.trk,99,0
395,E:\DataSet_Laboratory\people2\1\aprimeros500\2017-04-25_21-43-18~21-44-56_6.trk,38,0
396,E:\DataSet_Laboratory\people2\1\aprimeros500\2017-04-26_08-07-52~08-08-21_0.trk,99,0
397,E:\DataSet_Laboratory\people2\1\aprimeros500\2017-04-26_08-09-26~08-09-49_0.trk,68,0
398,E:\DataSet_Laboratory\people2\1\aprimeros500\2017-04-26_09-01-07~09-01-38_0.trk,53,0
399,E:\DataSet_Laboratory\people2\1\aprimeros500\2017-04-26_09-07-20~09-08-05_1.trk,51,0
400,E:\DataSet_Laboratory\people2\1\aprimeros500\2017-04-26_09-07-20~09-08-05_2.trk,70,0
401,E:\DataSet_Laboratory\people2\1\aprimeros500\2017-04-26_09-09-39~09-10-00_0.trk,14,0
402,E:\DataSet_Laboratory\people2\1\aprimeros500\2017-04-26_09-11-23~09-11-46_0.trk,89,0
403,E:\DataSet_Laboratory\people2\1\aprimeros500\2017-04-26_09-12-30~09-13-01_0.trk,31,0
404,E:\DataSet_Laboratory\people2\1\aprimeros500\2017-04-26_09-12-30~09-13-01_1.trk,12,0
405,E:\DataSet_Laboratory\people2\1\aprimeros500\2017-04-26_09-12-30~09-13-01_2.trk,14,0
406,E:\DataSet_Laboratory\people2\1\aprimeros500\2017-04-26_09-50-56~09-51-12_0.trk,18,0
407,E:\DataSet_Laboratory\people2\1\aprimeros500\2017-04-26_09-57-55~09-58-45_0.trk,34,0
408,E:\DataSet_Laboratory\people2\1\aprimeros500\2017-04-26_09-57-55~09-58-45_1.trk,56,0
409,E:\DataSet_Laboratory\people2\1\aprimeros500\2017-04-26_09-57-55~09-58-45_2.trk,76,0
410,E:\DataSet_Laboratory\people2\1\aprimeros500\2017-04-26_09-57-55~09-58-45_3.trk,59,0
411,E:\DataSet_Laboratory\people2\1\aprimeros500\2017-04-26_09-57-55~09-58-45_4.trk,203,0
412,E:\DataSet_Laboratory\people2\1\aprimeros500\2017-04-26_09-59-02~09-59-25_0.trk,288,0
413,E:\DataSet_Laboratory\people2\1\aprimeros500\2017-04-26_09-59-42~10-00-00_0.trk,130,0
414,E:\DataSet_Laboratory\people2\1\aprimeros500\2017-04-26_10-00-00~10-00-08_0.trk,96,0
415,E:\DataSet_Laboratory\people2\1\aprimeros500\2017-04-26_10-00-19~10-00-40_0.trk,80,0
416,E:\DataSet_Laboratory\people2\1\aprimeros500\2017-04-26_10-02-24~10-02-53_1.trk,56,0
417,E:\DataSet_Laboratory\people2\1\aprimeros500\2017-04-26_10-03-47~10-04-10_0.trk,13,0
418,E:\DataSet_Laboratory\people2\1\aprimeros500\2017-04-26_10-03-47~10-04-10_2.trk,42,0
419,E:\DataSet_Laboratory\people2\1\aprimeros500\2017-04-26_10-04-27~10-05-01_0.trk,320,0
420,E:\DataSet_Laboratory\people2\1\aprimeros500\2017-04-26_10-05-02~10-05-07_0.trk,64,0
421,E:\DataSet_Laboratory\people2\1\aprimeros500\2017-04-26_10-08-30~10-09-01_0.trk,40,0
422,E:\DataSet_Laboratory\people2\1\aprimeros500\2017-04-26_10-20-06~10-20-32_1.trk,59,0
423,E:\DataSet_Laboratory\people2\1\aprimeros500\2017-04-26_10-23-20~10-23-51_0.trk,10,0
424,E:\DataSet_Laboratory\people2\1\aprimeros500\2017-04-26_10-23-20~10-23-51_1.trk,29,0
425,E:\DataSet_Laboratory\people2\1\aprimeros500\2017-04-26_10-23-20~10-23-51_2.trk,29,0
426,E:\DataSet_Laboratory\people2\1\aprimeros500\2017-04-26_10-24-14~10-24-43_0.trk,72,0
427,E:\DataSet_Laboratory\people2\1\aprimeros500\2017-04-26_10-29-23~10-29-49_0.trk,58,0
428,E:\DataSet_Laboratory\people2\1\aprimeros500\2017-04-26_10-39-20~10-39-46_0.trk,14,0
429,E:\DataSet_Laboratory\people2\1\aprimeros500\2017-04-26_10-39-20~10-39-46_2.trk,10,0
430,E:\DataSet_Laboratory\people2\1\aprimeros500\2017-04-26_10-39-20~10-39-46_3.trk,81,0
431,E:\DataSet_Laboratory\people2\1\aprimeros500\2017-04-26_10-50-38~10-51-09_0.trk,48,0
432,E:\DataSet_Laboratory\people2\1\aprimeros500\2017-04-26_10-50-38~10-51-09_1.trk,15,0
433,E:\DataSet_Laboratory\people2\1\aprimeros500\2017-04-26_10-57-28~10-57-59_1.trk,13,0
434,E:\DataSet_Laboratory\people2\1\aprimeros500\2017-04-26_10-57-28~10-57-59_2.trk,64,0
435,E:\DataSet_Laboratory\people2\1\aprimeros500\2017-04-26_10-58-56~10-59-30_0.trk,67,0
436,E:\DataSet_Laboratory\people2\1\aprimeros500\2017-04-26_11-03-02~11-03-31_0.trk,130,0
437,E:\DataSet_Laboratory\people2\1\aprimeros500\2017-04-26_11-05-07~11-06-05_1.trk,39,0
438,E:\DataSet_Laboratory\people2\1\aprimeros500\2017-04-26_11-05-07~11-06-05_3.trk,23,0
439,E:\DataSet_Laboratory\people2\1\aprimeros500\2017-04-26_11-26-40~11-27-22_1.trk,273,0
440,E:\DataSet_Laboratory\people2\1\aprimeros500\2017-04-26_11-26-40~11-27-22_2.trk,45,0
441,E:\DataSet_Laboratory\people2\1\aprimeros500\2017-04-26_11-26-40~11-27-22_4.trk,22,0
442,E:\DataSet_Laboratory\people2\1\aprimeros500\2017-04-26_11-26-40~11-27-22_6.trk,52,0
443,E:\DataSet_Laboratory\people2\1\aprimeros500\2017-04-26_11-26-40~11-27-22_8.trk,60,0
444,E:\DataSet_Laboratory\people2\1\aprimeros500\2017-04-26_11-26-40~11-27-22_9.trk,177,0
445,E:\DataSet_Laboratory\people2\1\aprimeros500\2017-04-26_11-32-08~11-32-34_1.trk,96,0
446,E:\DataSet_Laboratory\people2\1\aprimeros500\2017-04-26_11-49-18~11-49-49_0.trk,38,0
447,E:\DataSet_Laboratory\people2\1\aprimeros500\2017-04-26_11-57-12~11-57-57_1.trk,42,0
448,E:\DataSet_Laboratory\people2\1\aprimeros500\2017-04-26_11-57-12~11-57-57_3.trk,224,0
449,E:\DataSet_Laboratory\people2\1\aprimeros500\2017-04-26_12-00-43~12-01-17_1.trk,106,0
450,E:\DataSet_Laboratory\people2\1\aprimeros500\2017-04-26_12-04-30~12-05-01_0.trk,68,0
451,E:\DataSet_Laboratory\people2\1\aprimeros500\2017-04-26_12-04-30~12-05-01_1.trk,10,0
452,E:\DataSet_Laboratory\people2\1\aprimeros500\2017-04-26_12-04-30~12-05-01_2.trk,48,0
453,E:\DataSet_Laboratory\people2\1\aprimeros500\2017-04-26_12-04-30~12-05-01_3.trk,73,0
454,E:\DataSet_Laboratory\people2\1\aprimeros500\2017-04-26_12-05-23~12-05-49_1.trk,84,0
455,E:\DataSet_Laboratory\people2\1\aprimeros500\2017-04-26_12-15-42~12-16-21_0.trk,64,0
456,E:\DataSet_Laboratory\people2\1\aprimeros500\2017-04-26_12-15-42~12-16-21_1.trk,32,0
457,E:\DataSet_Laboratory\people2\1\aprimeros500\2017-04-26_12-15-42~12-16-21_2.trk,224,0
458,E:\DataSet_Laboratory\people2\1\aprimeros500\2017-04-26_12-15-42~12-16-21_3.trk,24,0
459,E:\DataSet_Laboratory\people2\1\aprimeros500\2017-04-26_12-16-22~12-16-46_0.trk,12,0
460,E:\DataSet_Laboratory\people2\1\aprimeros500\2017-04-26_12-16-22~12-16-46_1.trk,146,0
461,E:\DataSet_Laboratory\people2\1\aprimeros500\2017-04-26_12-16-46~12-17-04_0.trk,224,0
462,E:\DataSet_Laboratory\people2\1\aprimeros500\2017-04-26_12-17-15~12-17-46_0.trk,151,0
463,E:\DataSet_Laboratory\people2\1\aprimeros500\2017-04-26_12-17-15~12-17-46_1.trk,16,0
464,E:\DataSet_Laboratory\people2\1\aprimeros500\2017-04-26_12-17-15~12-17-46_2.trk,47,0
465,E:\DataSet_Laboratory\people2\1\aprimeros500\2017-04-26_12-20-32~12-21-09_1.trk,87,0
466,E:\DataSet_Laboratory\people2\1\aprimeros500\2017-04-26_12-21-18~12-21-49_0.trk,54,0
467,E:\DataSet_Laboratory\people2\1\aprimeros500\2017-04-26_12-21-50~12-22-19_0.trk,54,0
468,E:\DataSet_Laboratory\people2\1\aprimeros500\2017-04-26_12-22-32~12-22-58_1.trk,35,0
469,E:\DataSet_Laboratory\people2\1\aprimeros500\2017-04-26_12-44-45~12-45-00_0.trk,67,0
470,E:\DataSet_Laboratory\people2\1\aprimeros500\2017-04-26_12-51-01~12-51-40_1.trk,39,0
471,E:\DataSet_Laboratory\people2\1\aprimeros500\2017-04-26_12-51-01~12-51-40_2.trk,13,0
472,E:\DataSet_Laboratory\people2\1\aprimeros500\2017-04-26_12-53-04~12-53-41_0.trk,26,0
473,E:\DataSet_Laboratory\people2\1\aprimeros500\2017-04-26_12-53-04~12-53-41_1.trk,23,0
474,E:\DataSet_Laboratory\people2\1\aprimeros500\2017-04-26_12-54-03~12-54-29_0.trk,12,0
475,E:\DataSet_Laboratory\people2\1\aprimeros500\2017-04-26_12-54-03~12-54-29_1.trk,22,0
476,E:\DataSet_Laboratory\people2\1\aprimeros500\2017-04-26_12-54-29~12-55-01_0.trk,25,0
477,E:\DataSet_Laboratory\people2\1\aprimeros500\2017-04-26_12-54-29~12-55-01_4.trk,19,0
478,E:\DataSet_Laboratory\people2\1\aprimeros500\2017-04-26_12-55-01~12-55-49_1.trk,64,0
479,E:\DataSet_Laboratory\people2\1\aprimeros500\2017-04-26_12-57-47~12-58-24_0.trk,18,0
480,E:\DataSet_Laboratory\people2\1\aprimeros500\2017-04-26_12-57-47~12-58-24_1.trk,76,0
481,E:\DataSet_Laboratory\people2\1\aprimeros500\2017-04-26_13-04-24~13-04-50_0.trk,21,0
482,E:\DataSet_Laboratory\people2\1\aprimeros500\2017-04-26_13-04-24~13-04-50_2.trk,12,0
483,E:\DataSet_Laboratory\people2\1\aprimeros500\2017-04-26_13-04-51~13-05-01_0.trk,15,0
484,E:\DataSet_Laboratory\people2\1\aprimeros500\2017-04-26_13-06-51~13-07-36_0.trk,56,0
485,E:\DataSet_Laboratory\people2\1\aprimeros500\2017-04-26_13-06-51~13-07-36_1.trk,27,0
486,E:\DataSet_Laboratory\people2\1\aprimeros500\2017-04-26_13-13-04~13-13-46_0.trk,17,0
487,E:\DataSet_Laboratory\people2\1\aprimeros500\2017-04-26_13-13-04~13-13-46_2.trk,58,0
488,E:\DataSet_Laboratory\people2\1\aprimeros500\2017-04-26_13-13-04~13-13-46_3.trk,23,0
489,E:\DataSet_Laboratory\people2\1\aprimeros500\2017-04-26_13-14-16~13-14-39_0.trk,13,0
490,E:\DataSet_Laboratory\people2\1\aprimeros500\2017-04-26_13-21-04~13-21-27_0.trk,21,0
491,E:\DataSet_Laboratory\people2\1\aprimeros500\2017-04-26_13-21-28~13-21-57_0.trk,91,0
492,E:\DataSet_Laboratory\people2\1\aprimeros500\2017-04-26_13-22-03~13-22-53_1.trk,21,0
493,E:\DataSet_Laboratory\people2\1\aprimeros500\2017-04-26_13-22-03~13-22-53_2.trk,45,0
494,E:\DataSet_Laboratory\people2\1\aprimeros500\2017-04-26_13-22-03~13-22-53_3.trk,37,0
495,E:\DataSet_Laboratory\people2\1\aprimeros500\2017-04-26_13-23-28~13-24-07_0.trk,68,0
496,E:\DataSet_Laboratory\people2\1\aprimeros500\2017-04-26_13-23-28~13-24-07_2.trk,40,0
497,E:\DataSet_Laboratory\people2\1\aprimeros500\2017-04-26_13-23-28~13-24-07_3.trk,64,0
498,E:\DataSet_Laboratory\people2\1\aprimeros500\2017-04-26_13-25-12~13-25-41_0.trk,80,0
499,E:\DataSet_Laboratory\people2\1\aprimeros500\2017-04-26_13-30-21~13-30-58_0.trk,16,0
500,E:\DataSet_Laboratory\people2\1\siguientes500\2017-04-26_13-30-21~13-30-58_1.trk,140,0
501,E:\DataSet_Laboratory\people2\1\siguientes500\2017-04-26_13-30-21~13-30-58_2.trk,84,0
502,E:\DataSet_Laboratory\people2\1\siguientes500\2017-04-26_13-35-33~13-36-10_0.trk,43,0
503,E:\DataSet_Laboratory\people2\1\siguientes500\2017-04-26_13-35-33~13-36-10_1.trk,18,0
504,E:\DataSet_Laboratory\people2\1\siguientes500\2017-04-26_13-36-59~13-37-41_0.trk,75,0
505,E:\DataSet_Laboratory\people2\1\siguientes500\2017-04-26_13-39-20~13-39-51_0.trk,55,0
506,E:\DataSet_Laboratory\people2\1\siguientes500\2017-04-26_13-45-17~13-46-07_0.trk,71,0
507,E:\DataSet_Laboratory\people2\1\siguientes500\2017-04-26_13-45-17~13-46-07_1.trk,14,0
508,E:\DataSet_Laboratory\people2\1\siguientes500\2017-04-26_13-45-17~13-46-07_2.trk,18,0
509,E:\DataSet_Laboratory\people2\1\siguientes500\2017-04-26_13-45-17~13-46-07_3.trk,49,0
510,E:\DataSet_Laboratory\people2\1\siguientes500\2017-04-26_13-52-35~13-53-33_1.trk,80,0
511,E:\DataSet_Laboratory\people2\1\siguientes500\2017-04-26_13-52-35~13-53-33_2.trk,112,0
512,E:\DataSet_Laboratory\people2\1\siguientes500\2017-04-26_14-00-29~14-01-14_0.trk,30,0
513,E:\DataSet_Laboratory\people2\1\siguientes500\2017-04-26_14-00-29~14-01-14_1.trk,110,0
514,E:\DataSet_Laboratory\people2\1\siguientes500\2017-04-26_14-00-29~14-01-14_3.trk,51,0
515,E:\DataSet_Laboratory\people2\1\siguientes500\2017-04-26_14-00-29~14-01-14_4.trk,15,0
516,E:\DataSet_Laboratory\people2\1\siguientes500\2017-04-26_14-00-29~14-01-14_5.trk,18,0
517,E:\DataSet_Laboratory\people2\1\siguientes500\2017-04-26_14-02-27~14-02-56_0.trk,29,0
518,E:\DataSet_Laboratory\people2\1\siguientes500\2017-04-26_14-02-27~14-02-56_1.trk,14,0
519,E:\DataSet_Laboratory\people2\1\siguientes500\2017-04-26_14-02-27~14-02-56_2.trk,41,0
520,E:\DataSet_Laboratory\people2\1\siguientes500\2017-04-26_14-13-33~14-14-18_0.trk,40,0
521,E:\DataSet_Laboratory\people2\1\siguientes500\2017-04-26_14-13-33~14-14-18_1.trk,52,0
522,E:\DataSet_Laboratory\people2\1\siguientes500\2017-04-26_14-17-23~14-17-54_1.trk,110,0
523,E:\DataSet_Laboratory\people2\1\siguientes500\2017-04-26_14-17-23~14-17-54_2.trk,15,0
524,E:\DataSet_Laboratory\people2\1\siguientes500\2017-04-26_14-20-00~14-20-35_0.trk,82,0
525,E:\DataSet_Laboratory\people2\1\siguientes500\2017-04-26_14-26-59~14-28-40_1.trk,42,0
526,E:\DataSet_Laboratory\people2\1\siguientes500\2017-04-26_14-26-59~14-28-40_2.trk,116,0
527,E:\DataSet_Laboratory\people2\1\siguientes500\2017-04-26_14-26-59~14-28-40_4.trk,13,0
528,E:\DataSet_Laboratory\people2\1\siguientes500\2017-04-26_14-26-59~14-28-40_5.trk,77,0
529,E:\DataSet_Laboratory\people2\1\siguientes500\2017-04-26_14-26-59~14-28-40_6.trk,25,0
530,E:\DataSet_Laboratory\people2\1\siguientes500\2017-04-26_14-26-59~14-28-40_7.trk,47,0
531,E:\DataSet_Laboratory\people2\1\siguientes500\2017-04-26_14-26-59~14-28-40_9.trk,55,0
532,E:\DataSet_Laboratory\people2\1\siguientes500\2017-04-26_14-28-59~14-29-30_0.trk,83,0
533,E:\DataSet_Laboratory\people2\1\siguientes500\2017-04-26_14-33-47~14-34-26_0.trk,19,0
534,E:\DataSet_Laboratory\people2\1\siguientes500\2017-04-26_14-33-47~14-34-26_2.trk,56,0
535,E:\DataSet_Laboratory\people2\1\siguientes500\2017-04-26_14-33-47~14-34-26_3.trk,95,0
536,E:\DataSet_Laboratory\people2\1\siguientes500\2017-04-26_14-33-47~14-34-26_4.trk,228,0
537,E:\DataSet_Laboratory\people2\1\siguientes500\2017-04-26_14-35-12~14-36-23_0.trk,858,0
538,E:\DataSet_Laboratory\people2\1\siguientes500\2017-04-26_14-35-12~14-36-23_2.trk,192,0
539,E:\DataSet_Laboratory\people2\1\siguientes500\2017-04-26_14-36-37~14-37-16_0.trk,54,0
540,E:\DataSet_Laboratory\people2\1\siguientes500\2017-04-26_14-36-37~14-37-16_1.trk,22,0
541,E:\DataSet_Laboratory\people2\1\siguientes500\2017-04-26_14-36-37~14-37-16_2.trk,23,0
542,E:\DataSet_Laboratory\people2\1\siguientes500\2017-04-26_14-38-16~14-38-50_1.trk,134,0
543,E:\DataSet_Laboratory\people2\1\siguientes500\2017-04-26_14-40-11~14-40-45_0.trk,86,0
544,E:\DataSet_Laboratory\people2\1\siguientes500\2017-04-26_14-42-37~14-43-14_0.trk,52,0
545,E:\DataSet_Laboratory\people2\1\siguientes500\2017-04-26_14-45-04~14-45-33_3.trk,74,0
546,E:\DataSet_Laboratory\people2\1\siguientes500\2017-04-26_14-47-52~14-48-29_0.trk,47,0
547,E:\DataSet_Laboratory\people2\1\siguientes500\2017-04-26_14-48-29~14-49-04_0.trk,71,0
548,E:\DataSet_Laboratory\people2\1\siguientes500\2017-04-26_14-54-40~14-55-01_0.trk,45,0
549,E:\DataSet_Laboratory\people2\1\siguientes500\2017-04-26_14-54-40~14-55-01_1.trk,40,0
550,E:\DataSet_Laboratory\people2\1\siguientes500\2017-04-26_14-54-40~14-55-01_3.trk,43,0
551,E:\DataSet_Laboratory\people2\1\siguientes500\2017-04-26_14-56-00~14-57-33_0.trk,128,0
552,E:\DataSet_Laboratory\people2\1\siguientes500\2017-04-26_14-56-00~14-57-33_2.trk,36,0
553,E:\DataSet_Laboratory\people2\1\siguientes500\2017-04-26_14-56-00~14-57-33_3.trk,21,0
554,E:\DataSet_Laboratory\people2\1\siguientes500\2017-04-26_14-56-00~14-57-33_4.trk,140,0
555,E:\DataSet_Laboratory\people2\1\siguientes500\2017-04-26_14-56-00~14-57-33_5.trk,18,0
556,E:\DataSet_Laboratory\people2\1\siguientes500\2017-04-26_14-56-00~14-57-33_7.trk,179,0
557,E:\DataSet_Laboratory\people2\1\siguientes500\2017-04-26_14-58-27~14-59-09_0.trk,29,0
558,E:\DataSet_Laboratory\people2\1\siguientes500\2017-04-26_14-58-27~14-59-09_1.trk,48,0
559,E:\DataSet_Laboratory\people2\1\siguientes500\2017-04-26_14-58-27~14-59-09_2.trk,11,0
560,E:\DataSet_Laboratory\people2\1\siguientes500\2017-04-26_14-58-27~14-59-09_3.trk,76,0
561,E:\DataSet_Laboratory\people2\1\siguientes500\2017-04-26_14-59-20~14-59-59_0.trk,57,0
562,E:\DataSet_Laboratory\people2\1\siguientes500\2017-04-26_14-59-20~14-59-59_1.trk,62,0
563,E:\DataSet_Laboratory\people2\1\siguientes500\2017-04-26_15-02-48~15-03-38_0.trk,32,0
564,E:\DataSet_Laboratory\people2\1\siguientes500\2017-04-26_15-02-48~15-03-38_1.trk,312,0
565,E:\DataSet_Laboratory\people2\1\siguientes500\2017-04-26_15-11-23~15-11-52_0.trk,47,0
566,E:\DataSet_Laboratory\people2\1\siguientes500\2017-04-26_15-16-13~15-16-47_0.trk,40,0
567,E:\DataSet_Laboratory\people2\1\siguientes500\2017-04-26_15-19-47~15-20-00_1.trk,43,0
568,E:\DataSet_Laboratory\people2\1\siguientes500\2017-04-26_15-20-00~15-20-21_0.trk,20,0
569,E:\DataSet_Laboratory\people2\1\siguientes500\2017-04-26_15-32-59~15-33-36_0.trk,88,0
570,E:\DataSet_Laboratory\people2\1\siguientes500\2017-04-26_15-32-59~15-33-36_2.trk,41,0
571,E:\DataSet_Laboratory\people2\1\siguientes500\2017-04-26_15-37-55~15-38-29_0.trk,169,0
572,E:\DataSet_Laboratory\people2\1\siguientes500\2017-04-26_15-37-55~15-38-29_3.trk,11,0
573,E:\DataSet_Laboratory\people2\1\siguientes500\2017-04-26_15-48-00~15-48-37_0.trk,10,0
574,E:\DataSet_Laboratory\people2\1\siguientes500\2017-04-26_15-48-00~15-48-37_1.trk,36,0
575,E:\DataSet_Laboratory\people2\1\siguientes500\2017-04-26_15-48-00~15-48-37_2.trk,90,0
576,E:\DataSet_Laboratory\people2\1\siguientes500\2017-04-26_15-52-40~15-53-17_0.trk,24,0
577,E:\DataSet_Laboratory\people2\1\siguientes500\2017-04-26_15-52-40~15-53-17_1.trk,107,0
578,E:\DataSet_Laboratory\people2\1\siguientes500\2017-04-26_15-52-40~15-53-17_3.trk,15,0
579,E:\DataSet_Laboratory\people2\1\siguientes500\2017-04-26_15-54-53~15-55-00_0.trk,18,0
580,E:\DataSet_Laboratory\people2\1\siguientes500\2017-04-26_15-55-17~15-55-39_0.trk,21,0
581,E:\DataSet_Laboratory\people2\1\siguientes500\2017-04-26_15-56-08~15-56-34_0.trk,28,0
582,E:\DataSet_Laboratory\people2\1\siguientes500\2017-04-26_15-56-51~15-57-14_0.trk,130,0
583,E:\DataSet_Laboratory\people2\1\siguientes500\2017-04-26_15-56-51~15-57-14_1.trk,93,0
584,E:\DataSet_Laboratory\people2\1\siguientes500\2017-04-26_15-56-51~15-57-14_3.trk,107,0
585,E:\DataSet_Laboratory\people2\1\siguientes500\2017-04-26_15-57-41~15-58-07_0.trk,158,0
586,E:\DataSet_Laboratory\people2\1\siguientes500\2017-04-26_15-57-41~15-58-07_1.trk,18,0
587,E:\DataSet_Laboratory\people2\1\siguientes500\2017-04-26_15-58-08~15-58-56_0.trk,124,0
588,E:\DataSet_Laboratory\people2\1\siguientes500\2017-04-26_15-58-08~15-58-56_1.trk,37,0
589,E:\DataSet_Laboratory\people2\1\siguientes500\2017-04-26_16-12-51~16-13-20_0.trk,57,0
590,E:\DataSet_Laboratory\people2\1\siguientes500\2017-04-26_16-12-51~16-13-20_1.trk,55,0
591,E:\DataSet_Laboratory\people2\1\siguientes500\2017-04-26_16-15-39~16-16-56_1.trk,87,0
592,E:\DataSet_Laboratory\people2\1\siguientes500\2017-04-26_16-15-39~16-16-56_2.trk,52,0
593,E:\DataSet_Laboratory\people2\1\siguientes500\2017-04-26_16-20-08~16-20-50_0.trk,24,0
594,E:\DataSet_Laboratory\people2\1\siguientes500\2017-04-26_16-20-08~16-20-50_1.trk,69,0
595,E:\DataSet_Laboratory\people2\1\siguientes500\2017-04-26_16-23-07~16-23-44_1.trk,50,0
596,E:\DataSet_Laboratory\people2\1\siguientes500\2017-04-26_16-24-16~16-24-50_1.trk,88,0
597,E:\DataSet_Laboratory\people2\1\siguientes500\2017-04-26_16-25-04~16-25-38_0.trk,47,0
598,E:\DataSet_Laboratory\people2\1\siguientes500\2017-04-26_16-26-48~16-27-27_1.trk,88,0
599,E:\DataSet_Laboratory\people2\1\siguientes500\2017-04-26_16-26-48~16-27-27_2.trk,16,0
600,E:\DataSet_Laboratory\people2\1\siguientes500\2017-04-26_16-33-07~16-33-44_0.trk,100,0
601,E:\DataSet_Laboratory\people2\1\siguientes500\2017-04-26_16-33-07~16-33-44_1.trk,72,0
602,E:\DataSet_Laboratory\people2\1\siguientes500\2017-04-26_16-34-16~16-35-01_0.trk,125,0
603,E:\DataSet_Laboratory\people2\1\siguientes500\2017-04-26_16-34-16~16-35-01_2.trk,61,0
604,E:\DataSet_Laboratory\people2\1\siguientes500\2017-04-26_16-34-16~16-35-01_3.trk,81,0
605,E:\DataSet_Laboratory\people2\1\siguientes500\2017-04-26_16-48-27~16-48-53_0.trk,21,0
606,E:\DataSet_Laboratory\people2\1\siguientes500\2017-04-26_16-48-27~16-48-53_1.trk,16,0
607,E:\DataSet_Laboratory\people2\1\siguientes500\2017-04-26_16-49-39~16-50-00_0.trk,115,0
608,E:\DataSet_Laboratory\people2\1\siguientes500\2017-04-26_16-50-03~16-50-21_0.trk,34,0
609,E:\DataSet_Laboratory\people2\1\siguientes500\2017-04-26_16-53-09~16-53-40_1.trk,121,0
610,E:\DataSet_Laboratory\people2\1\siguientes500\2017-04-26_16-53-09~16-53-40_2.trk,39,0
611,E:\DataSet_Laboratory\people2\1\siguientes500\2017-04-26_16-56-08~16-56-34_0.trk,72,0
612,E:\DataSet_Laboratory\people2\1\siguientes500\2017-04-26_17-02-19~17-03-01_0.trk,54,0
613,E:\DataSet_Laboratory\people2\1\siguientes500\2017-04-26_17-02-19~17-03-01_1.trk,18,0
614,E:\DataSet_Laboratory\people2\1\siguientes500\2017-04-26_17-02-19~17-03-01_2.trk,30,0
615,E:\DataSet_Laboratory\people2\1\siguientes500\2017-04-26_17-15-49~17-16-15_0.trk,38,0
616,E:\DataSet_Laboratory\people2\1\siguientes500\2017-04-26_17-16-27~17-16-53_1.trk,72,0
617,E:\DataSet_Laboratory\people2\1\siguientes500\2017-04-26_17-19-01~17-19-35_0.trk,64,0
618,E:\DataSet_Laboratory\people2\1\siguientes500\2017-04-26_17-21-31~17-21-57_0.trk,52,0
619,E:\DataSet_Laboratory\people2\1\siguientes500\2017-04-26_17-21-31~17-21-57_1.trk,16,0
620,E:\DataSet_Laboratory\people2\1\siguientes500\2017-04-26_17-22-08~17-22-39_0.trk,94,0
621,E:\DataSet_Laboratory\people2\1\siguientes500\2017-04-26_17-22-08~17-22-39_1.trk,169,0
622,E:\DataSet_Laboratory\people2\1\siguientes500\2017-04-26_17-36-27~17-37-38_0.trk,180,0
623,E:\DataSet_Laboratory\people2\1\siguientes500\2017-04-26_17-38-40~17-39-11_0.trk,30,0
624,E:\DataSet_Laboratory\people2\1\siguientes500\2017-04-26_17-38-40~17-39-11_1.trk,30,0
625,E:\DataSet_Laboratory\people2\1\siguientes500\2017-04-26_17-41-39~17-42-02_0.trk,47,0
626,E:\DataSet_Laboratory\people2\1\siguientes500\2017-04-26_17-45-01~17-46-05_0.trk,110,0
627,E:\DataSet_Laboratory\people2\1\siguientes500\2017-04-26_17-45-01~17-46-05_1.trk,281,0
628,E:\DataSet_Laboratory\people2\1\siguientes500\2017-04-26_17-45-01~17-46-05_3.trk,69,0
629,E:\DataSet_Laboratory\people2\1\siguientes500\2017-04-26_17-45-01~17-46-05_4.trk,18,0
630,E:\DataSet_Laboratory\people2\1\siguientes500\2017-04-26_18-09-09~18-09-32_0.trk,46,0
631,E:\DataSet_Laboratory\people2\1\siguientes500\2017-04-26_18-18-35~18-19-06_0.trk,58,0
632,E:\DataSet_Laboratory\people2\1\siguientes500\2017-04-26_18-18-35~18-19-06_1.trk,18,0
633,E:\DataSet_Laboratory\people2\1\siguientes500\2017-04-26_18-19-07~18-19-31_0.trk,93,0
634,E:\DataSet_Laboratory\people2\1\siguientes500\2017-04-26_18-24-19~18-24-50_0.trk,48,0
635,E:\DataSet_Laboratory\people2\1\siguientes500\2017-04-26_18-28-03~18-28-53_0.trk,102,0
636,E:\DataSet_Laboratory\people2\1\siguientes500\2017-04-26_18-28-03~18-28-53_1.trk,267,0
637,E:\DataSet_Laboratory\people2\1\siguientes500\2017-04-26_18-28-03~18-28-53_2.trk,12,0
638,E:\DataSet_Laboratory\people2\1\siguientes500\2017-04-26_18-28-03~18-28-53_3.trk,37,0
639,E:\DataSet_Laboratory\people2\1\siguientes500\2017-04-26_18-39-23~18-39-57_0.trk,55,0
640,E:\DataSet_Laboratory\people2\1\siguientes500\2017-04-26_18-45-20~18-45-49_0.trk,22,0
641,E:\DataSet_Laboratory\people2\1\siguientes500\2017-04-26_19-08-08~19-08-29_0.trk,37,0
642,E:\DataSet_Laboratory\people2\1\siguientes500\2017-04-26_19-39-28~19-39-59_0.trk,39,0
643,E:\DataSet_Laboratory\people2\1\siguientes500\2017-04-26_20-31-57~20-32-31_0.trk,37,0
644,E:\DataSet_Laboratory\people2\1\siguientes500\2017-04-26_20-40-37~20-41-16_0.trk,53,0
645,E:\DataSet_Laboratory\people2\1\siguientes500\2017-04-26_20-52-27~20-53-28_0.trk,39,0
646,E:\DataSet_Laboratory\people2\1\siguientes500\2017-04-26_20-52-27~20-53-28_1.trk,52,0
647,E:\DataSet_Laboratory\people2\1\siguientes500\2017-04-26_21-00-08~21-00-50_0.trk,85,0
648,E:\DataSet_Laboratory\people2\1\siguientes500\2017-04-26_21-17-01~21-17-27_3.trk,29,0
649,E:\DataSet_Laboratory\people2\1\siguientes500\2017-04-26_21-17-01~21-17-27_4.trk,30,0
650,E:\DataSet_Laboratory\people2\1\siguientes500\2017-04-27_06-56-29~06-57-00_0.trk,81,0
651,E:\DataSet_Laboratory\people2\1\siguientes500\2017-04-27_07-10-53~07-11-32_0.trk,19,0
652,E:\DataSet_Laboratory\people2\1\siguientes500\2017-04-27_07-10-53~07-11-32_1.trk,139,0
653,E:\DataSet_Laboratory\people2\1\siguientes500\2017-04-27_07-50-00~07-50-18_0.trk,57,0
654,E:\DataSet_Laboratory\people2\1\siguientes500\2017-04-27_08-58-32~08-58-58_0.trk,26,0
655,E:\DataSet_Laboratory\people2\1\siguientes500\2017-04-27_09-02-29~09-03-00_1.trk,70,0
656,E:\DataSet_Laboratory\people2\1\siguientes500\2017-04-27_09-04-26~09-04-52_0.trk,17,0
657,E:\DataSet_Laboratory\people2\1\siguientes500\2017-04-27_09-06-00~09-06-29_0.trk,61,0
658,E:\DataSet_Laboratory\people2\1\siguientes500\2017-04-27_09-06-00~09-06-29_1.trk,14,0
659,E:\DataSet_Laboratory\people2\1\siguientes500\2017-04-27_09-06-50~09-07-24_0.trk,73,0
660,E:\DataSet_Laboratory\people2\1\siguientes500\2017-04-27_09-09-14~09-09-43_2.trk,171,0
661,E:\DataSet_Laboratory\people2\1\siguientes500\2017-04-27_09-09-14~09-09-43_3.trk,14,0
662,E:\DataSet_Laboratory\people2\1\siguientes500\2017-04-27_09-09-14~09-09-43_6.trk,93,0
663,E:\DataSet_Laboratory\people2\1\siguientes500\2017-04-27_09-09-14~09-09-43_7.trk,62,0
664,E:\DataSet_Laboratory\people2\1\siguientes500\2017-04-27_09-10-00~09-10-08_0.trk,96,0
665,E:\DataSet_Laboratory\people2\1\siguientes500\2017-04-27_09-10-10~09-10-36_0.trk,101,0
666,E:\DataSet_Laboratory\people2\1\siguientes500\2017-04-27_09-35-20~09-35-43_0.trk,84,0
667,E:\DataSet_Laboratory\people2\1\siguientes500\2017-04-27_09-37-20~09-37-43_0.trk,22,0
668,E:\DataSet_Laboratory\people2\1\siguientes500\2017-04-27_09-37-20~09-37-43_1.trk,16,0
669,E:\DataSet_Laboratory\people2\1\siguientes500\2017-04-27_09-37-44~09-38-05_0.trk,20,0
670,E:\DataSet_Laboratory\people2\1\siguientes500\2017-04-27_09-47-28~09-48-58_1.trk,44,0
671,E:\DataSet_Laboratory\people2\1\siguientes500\2017-04-27_09-47-28~09-48-58_2.trk,19,0
672,E:\DataSet_Laboratory\people2\1\siguientes500\2017-04-27_09-47-28~09-48-58_3.trk,73,0
673,E:\DataSet_Laboratory\people2\1\siguientes500\2017-04-27_09-47-28~09-48-58_4.trk,32,0
674,E:\DataSet_Laboratory\people2\1\siguientes500\2017-04-27_09-47-28~09-48-58_5.trk,64,0
675,E:\DataSet_Laboratory\people2\1\siguientes500\2017-04-27_09-48-58~09-49-22_0.trk,17,0
676,E:\DataSet_Laboratory\people2\1\siguientes500\2017-04-27_10-09-28~10-09-59_0.trk,93,0
677,E:\DataSet_Laboratory\people2\1\siguientes500\2017-04-27_10-13-12~10-13-59_0.trk,33,0
678,E:\DataSet_Laboratory\people2\1\siguientes500\2017-04-27_10-13-12~10-13-59_1.trk,39,0
679,E:\DataSet_Laboratory\people2\1\siguientes500\2017-04-27_10-26-56~10-27-30_0.trk,56,0
680,E:\DataSet_Laboratory\people2\1\siguientes500\2017-04-27_10-29-25~10-29-56_2.trk,71,0
681,E:\DataSet_Laboratory\people2\1\siguientes500\2017-04-27_10-50-32~10-51-06_0.trk,40,0
682,E:\DataSet_Laboratory\people2\1\siguientes500\2017-04-27_10-56-00~10-56-47_0.trk,77,0
683,E:\DataSet_Laboratory\people2\1\siguientes500\2017-04-27_11-15-25~11-15-51_0.trk,103,0
684,E:\DataSet_Laboratory\people2\1\siguientes500\2017-04-27_11-18-45~11-19-19_0.trk,54,0
685,E:\DataSet_Laboratory\people2\1\siguientes500\2017-04-27_11-26-10~11-27-45_0.trk,54,0
686,E:\DataSet_Laboratory\people2\1\siguientes500\2017-04-27_11-26-10~11-27-45_1.trk,15,0
687,E:\DataSet_Laboratory\people2\1\siguientes500\2017-04-27_11-26-10~11-27-45_3.trk,169,0
688,E:\DataSet_Laboratory\people2\1\siguientes500\2017-04-27_11-26-10~11-27-45_5.trk,68,0
689,E:\DataSet_Laboratory\people2\1\siguientes500\2017-04-27_11-37-14~11-37-48_0.trk,59,0
690,E:\DataSet_Laboratory\people2\1\siguientes500\2017-04-27_11-38-24~11-38-55_1.trk,146,0
691,E:\DataSet_Laboratory\people2\1\siguientes500\2017-04-27_11-41-38~11-42-09_0.trk,139,0
692,E:\DataSet_Laboratory\people2\1\siguientes500\2017-04-27_11-41-38~11-42-09_1.trk,26,0
693,E:\DataSet_Laboratory\people2\1\siguientes500\2017-04-27_11-49-12~11-49-59_0.trk,103,0
694,E:\DataSet_Laboratory\people2\1\siguientes500\2017-04-27_11-50-48~11-51-27_0.trk,59,0
695,E:\DataSet_Laboratory\people2\1\siguientes500\2017-04-27_11-57-01~11-57-35_0.trk,10,0
696,E:\DataSet_Laboratory\people2\1\siguientes500\2017-04-27_11-57-01~11-57-35_1.trk,62,0
697,E:\DataSet_Laboratory\people2\1\siguientes500\2017-04-27_11-57-01~11-57-35_2.trk,20,0
698,E:\DataSet_Laboratory\people2\1\siguientes500\2017-04-27_12-08-48~12-09-19_0.trk,63,0
699,E:\DataSet_Laboratory\people2\1\siguientes500\2017-04-27_12-11-20~12-12-05_0.trk,67,0
700,E:\DataSet_Laboratory\people2\1\siguientes500\2017-04-27_12-11-20~12-12-05_1.trk,75,0
701,E:\DataSet_Laboratory\people2\1\siguientes500\2017-04-27_12-23-09~12-23-46_0.trk,22,0
702,E:\DataSet_Laboratory\people2\1\siguientes500\2017-04-27_12-23-09~12-23-46_1.trk,107,0
703,E:\DataSet_Laboratory\people2\1\siguientes500\2017-04-27_12-26-02~12-26-55_2.trk,90,0
704,E:\DataSet_Laboratory\people2\1\siguientes500\2017-04-27_12-26-02~12-26-55_3.trk,43,0
705,E:\DataSet_Laboratory\people2\1\siguientes500\2017-04-27_12-30-02~12-30-33_1.trk,54,0
706,E:\DataSet_Laboratory\people2\1\siguientes500\2017-04-27_12-34-32~12-35-01_0.trk,10,0
707,E:\DataSet_Laboratory\people2\1\siguientes500\2017-04-27_12-34-32~12-35-01_2.trk,262,0
708,E:\DataSet_Laboratory\people2\1\siguientes500\2017-04-27_12-35-01~12-35-41_0.trk,480,0
709,E:\DataSet_Laboratory\people2\1\siguientes500\2017-04-27_12-35-44~12-36-10_0.trk,320,0
710,E:\DataSet_Laboratory\people2\1\siguientes500\2017-04-27_12-42-21~12-42-40_0.trk,34,0
711,E:\DataSet_Laboratory\people2\1\siguientes500\2017-04-27_12-42-40~12-43-01_0.trk,238,0
712,E:\DataSet_Laboratory\people2\1\siguientes500\2017-04-27_12-45-01~12-45-25_0.trk,31,0
713,E:\DataSet_Laboratory\people2\1\siguientes500\2017-04-27_12-46-05~12-46-36_0.trk,28,0
714,E:\DataSet_Laboratory\people2\1\siguientes500\2017-04-27_12-46-05~12-46-36_1.trk,23,0
715,E:\DataSet_Laboratory\people2\1\siguientes500\2017-04-27_12-46-05~12-46-36_2.trk,10,0
716,E:\DataSet_Laboratory\people2\1\siguientes500\2017-04-27_12-46-05~12-46-36_3.trk,23,0
717,E:\DataSet_Laboratory\people2\1\siguientes500\2017-04-27_12-46-05~12-46-36_5.trk,29,0
718,E:\DataSet_Laboratory\people2\1\siguientes500\2017-04-27_12-46-05~12-46-36_7.trk,17,0
719,E:\DataSet_Laboratory\people2\1\siguientes500\2017-04-27_12-47-22~12-47-43_0.trk,25,0
720,E:\DataSet_Laboratory\people2\1\siguientes500\2017-04-27_12-47-22~12-47-43_1.trk,18,0
721,E:\DataSet_Laboratory\people2\1\siguientes500\2017-04-27_12-55-01~12-55-25_0.trk,23,0
722,E:\DataSet_Laboratory\people2\1\siguientes500\2017-04-27_12-55-25~12-55-51_0.trk,40,0
723,E:\DataSet_Laboratory\people2\1\siguientes500\2017-04-27_12-55-57~12-56-26_0.trk,29,0
724,E:\DataSet_Laboratory\people2\1\siguientes500\2017-04-27_12-55-57~12-56-26_1.trk,98,0
725,E:\DataSet_Laboratory\people2\1\siguientes500\2017-04-27_12-55-57~12-56-26_3.trk,47,0
726,E:\DataSet_Laboratory\people2\1\siguientes500\2017-04-27_12-56-50~12-57-19_0.trk,110,0
727,E:\DataSet_Laboratory\people2\1\siguientes500\2017-04-27_12-56-50~12-57-19_1.trk,36,0
728,E:\DataSet_Laboratory\people2\1\siguientes500\2017-04-27_12-59-30~13-00-01_1.trk,67,0
729,E:\DataSet_Laboratory\people2\1\siguientes500\2017-04-27_13-04-34~13-05-00_0.trk,78,0
730,E:\DataSet_Laboratory\people2\1\siguientes500\2017-04-27_13-06-45~13-07-14_1.trk,30,0
731,E:\DataSet_Laboratory\people2\1\siguientes500\2017-04-27_13-06-45~13-07-14_2.trk,56,0
732,E:\DataSet_Laboratory\people2\1\siguientes500\2017-04-27_13-07-27~13-07-50_0.trk,46,0
733,E:\DataSet_Laboratory\people2\1\siguientes500\2017-04-27_13-10-02~13-10-29_0.trk,84,0
734,E:\DataSet_Laboratory\people2\1\siguientes500\2017-04-27_13-13-09~13-13-46_1.trk,224,0
735,E:\DataSet_Laboratory\people2\1\siguientes500\2017-04-27_13-20-55~13-21-37_0.trk,14,0
736,E:\DataSet_Laboratory\people2\1\siguientes500\2017-04-27_13-20-55~13-21-37_1.trk,50,0
737,E:\DataSet_Laboratory\people2\1\siguientes500\2017-04-27_13-45-38~13-46-17_1.trk,33,0
738,E:\DataSet_Laboratory\people2\1\siguientes500\2017-04-27_13-53-59~13-55-00_0.trk,149,0
739,E:\DataSet_Laboratory\people2\1\siguientes500\2017-04-27_13-53-59~13-55-00_1.trk,33,0
740,E:\DataSet_Laboratory\people2\1\siguientes500\2017-04-27_13-53-59~13-55-00_10.trk,40,0
741,E:\DataSet_Laboratory\people2\1\siguientes500\2017-04-27_13-53-59~13-55-00_2.trk,41,0
742,E:\DataSet_Laboratory\people2\1\siguientes500\2017-04-27_13-53-59~13-55-00_3.trk,76,0
743,E:\DataSet_Laboratory\people2\1\siguientes500\2017-04-27_13-53-59~13-55-00_4.trk,21,0
744,E:\DataSet_Laboratory\people2\1\siguientes500\2017-04-27_13-53-59~13-55-00_5.trk,83,0
745,E:\DataSet_Laboratory\people2\1\siguientes500\2017-04-27_13-53-59~13-55-00_6.trk,41,0
746,E:\DataSet_Laboratory\people2\1\siguientes500\2017-04-27_13-53-59~13-55-00_8.trk,29,0
747,E:\DataSet_Laboratory\people2\1\siguientes500\2017-04-27_13-53-59~13-55-00_9.trk,52,0
748,E:\DataSet_Laboratory\people2\1\siguientes500\2017-04-27_13-55-01~13-57-22_0.trk,1696,0
749,E:\DataSet_Laboratory\people2\1\siguientes500\2017-04-27_13-55-01~13-57-22_1.trk,12,0
750,E:\DataSet_Laboratory\people2\1\siguientes500\2017-04-27_13-55-01~13-57-22_2.trk,29,0
751,E:\DataSet_Laboratory\people2\1\siguientes500\2017-04-27_13-55-01~13-57-22_4.trk,170,0
752,E:\DataSet_Laboratory\people2\1\siguientes500\2017-04-27_13-58-07~13-58-41_0.trk,98,0
753,E:\DataSet_Laboratory\people2\1\siguientes500\2017-04-27_14-03-51~14-05-00_0.trk,90,0
754,E:\DataSet_Laboratory\people2\1\siguientes500\2017-04-27_14-03-51~14-05-00_1.trk,135,0
755,E:\DataSet_Laboratory\people2\1\siguientes500\2017-04-27_14-03-51~14-05-00_2.trk,231,0
756,E:\DataSet_Laboratory\people2\1\siguientes500\2017-04-27_14-06-50~14-07-13_0.trk,109,0
757,E:\DataSet_Laboratory\people2\1\siguientes500\2017-04-27_14-07-19~14-08-06_0.trk,63,0
758,E:\DataSet_Laboratory\people2\1\siguientes500\2017-04-27_14-07-19~14-08-06_1.trk,406,0
759,E:\DataSet_Laboratory\people2\1\siguientes500\2017-04-27_14-08-37~14-09-00_0.trk,288,0
760,E:\DataSet_Laboratory\people2\1\siguientes500\2017-04-27_14-10-55~14-11-18_0.trk,236,0
761,E:\DataSet_Laboratory\people2\1\siguientes500\2017-04-27_14-10-55~14-11-18_1.trk,68,0
762,E:\DataSet_Laboratory\people2\1\siguientes500\2017-04-27_14-10-55~14-11-18_2.trk,15,0
763,E:\DataSet_Laboratory\people2\1\siguientes500\2017-04-27_14-16-26~14-17-00_0.trk,50,0
764,E:\DataSet_Laboratory\people2\1\siguientes500\2017-04-27_14-17-51~14-18-30_0.trk,63,0
765,E:\DataSet_Laboratory\people2\1\siguientes500\2017-04-27_14-25-51~14-26-22_0.trk,19,0
766,E:\DataSet_Laboratory\people2\1\siguientes500\2017-04-27_14-25-51~14-26-22_1.trk,44,0
767,E:\DataSet_Laboratory\people2\1\siguientes500\2017-04-27_14-27-11~14-28-33_0.trk,88,0
768,E:\DataSet_Laboratory\people2\1\siguientes500\2017-04-27_14-27-11~14-28-33_1.trk,66,0
769,E:\DataSet_Laboratory\people2\1\siguientes500\2017-04-27_14-30-50~14-31-37_0.trk,26,0
770,E:\DataSet_Laboratory\people2\1\siguientes500\2017-04-27_14-30-50~14-31-37_1.trk,96,0
771,E:\DataSet_Laboratory\people2\1\siguientes500\2017-04-27_14-32-05~14-33-22_0.trk,82,0
772,E:\DataSet_Laboratory\people2\1\siguientes500\2017-04-27_14-32-05~14-33-22_1.trk,58,0
773,E:\DataSet_Laboratory\people2\1\siguientes500\2017-04-27_14-32-05~14-33-22_2.trk,54,0
774,E:\DataSet_Laboratory\people2\1\siguientes500\2017-04-27_14-33-43~14-34-06_0.trk,228,0
775,E:\DataSet_Laboratory\people2\1\siguientes500\2017-04-27_14-34-07~14-34-31_0.trk,78,0
776,E:\DataSet_Laboratory\people2\1\siguientes500\2017-04-27_14-38-42~14-39-06_0.trk,31,0
777,E:\DataSet_Laboratory\people2\1\siguientes500\2017-04-27_14-39-25~14-40-02_0.trk,60,0
778,E:\DataSet_Laboratory\people2\1\siguientes500\2017-04-27_14-41-22~14-41-48_1.trk,27,0
779,E:\DataSet_Laboratory\people2\1\siguientes500\2017-04-27_14-41-22~14-41-48_2.trk,119,0
780,E:\DataSet_Laboratory\people2\1\siguientes500\2017-04-27_14-42-34~14-43-11_1.trk,52,0
781,E:\DataSet_Laboratory\people2\1\siguientes500\2017-04-27_14-42-34~14-43-11_2.trk,49,0
782,E:\DataSet_Laboratory\people2\1\siguientes500\2017-04-27_14-46-21~14-47-03_1.trk,65,0
783,E:\DataSet_Laboratory\people2\1\siguientes500\2017-04-27_14-46-21~14-47-03_2.trk,36,0
784,E:\DataSet_Laboratory\people2\1\siguientes500\2017-04-27_14-54-37~14-55-00_0.trk,87,0
785,E:\DataSet_Laboratory\people2\1\siguientes500\2017-04-27_15-00-02~15-00-23_1.trk,11,0
786,E:\DataSet_Laboratory\people2\1\siguientes500\2017-04-27_15-02-29~15-03-00_3.trk,200,0
787,E:\DataSet_Laboratory\people2\1\siguientes500\2017-04-27_15-02-29~15-03-00_5.trk,10,0
788,E:\DataSet_Laboratory\people2\1\siguientes500\2017-04-27_15-06-29~15-07-06_0.trk,31,0
789,E:\DataSet_Laboratory\people2\1\siguientes500\2017-04-27_15-06-29~15-07-06_1.trk,223,0
790,E:\DataSet_Laboratory\people2\1\siguientes500\2017-04-27_15-09-38~15-09-59_0.trk,92,0
791,E:\DataSet_Laboratory\people2\1\siguientes500\2017-04-27_15-16-05~15-16-34_0.trk,15,0
792,E:\DataSet_Laboratory\people2\1\siguientes500\2017-04-27_15-16-05~15-16-34_1.trk,32,0
793,E:\DataSet_Laboratory\people2\1\siguientes500\2017-04-27_15-17-30~15-18-09_0.trk,79,0
794,E:\DataSet_Laboratory\people2\1\siguientes500\2017-04-27_15-17-30~15-18-09_1.trk,36,0
795,E:\DataSet_Laboratory\people2\1\siguientes500\2017-04-27_15-27-17~15-27-56_0.trk,35,0
796,E:\DataSet_Laboratory\people2\1\siguientes500\2017-04-27_15-27-17~15-27-56_1.trk,49,0
797,E:\DataSet_Laboratory\people2\1\siguientes500\2017-04-27_15-27-17~15-27-56_2.trk,30,0
798,E:\DataSet_Laboratory\people2\1\siguientes500\2017-04-27_15-45-30~15-45-59_0.trk,41,0
799,E:\DataSet_Laboratory\people2\1\siguientes500\2017-04-27_15-51-46~15-52-28_0.trk,30,0
800,E:\DataSet_Laboratory\people2\1\siguientes500\2017-04-27_15-51-46~15-52-28_1.trk,15,0
801,E:\DataSet_Laboratory\people2\1\siguientes500\2017-04-27_15-51-46~15-52-28_2.trk,39,0
802,E:\DataSet_Laboratory\people2\1\siguientes500\2017-04-27_15-51-46~15-52-28_3.trk,12,0
803,E:\DataSet_Laboratory\people2\1\siguientes500\2017-04-27_15-51-46~15-52-28_4.trk,36,0
804,E:\DataSet_Laboratory\people2\1\siguientes500\2017-04-27_15-59-30~16-00-01_0.trk,125,0
805,E:\DataSet_Laboratory\people2\1\siguientes500\2017-04-27_16-00-18~16-00-55_0.trk,49,0
806,E:\DataSet_Laboratory\people2\1\siguientes500\2017-04-27_16-00-18~16-00-55_1.trk,42,0
807,E:\DataSet_Laboratory\people2\1\siguientes500\2017-04-27_16-00-18~16-00-55_2.trk,11,0
808,E:\DataSet_Laboratory\people2\1\siguientes500\2017-04-27_16-00-18~16-00-55_4.trk,30,0
809,E:\DataSet_Laboratory\people2\1\siguientes500\2017-04-27_16-11-35~16-12-06_1.trk,94,0
810,E:\DataSet_Laboratory\people2\1\siguientes500\2017-04-27_16-21-54~16-22-17_0.trk,84,0
811,E:\DataSet_Laboratory\people2\1\siguientes500\2017-04-27_16-21-54~16-22-17_1.trk,98,0
812,E:\DataSet_Laboratory\people2\1\siguientes500\2017-04-27_16-24-26~16-25-00_0.trk,31,0
813,E:\DataSet_Laboratory\people2\1\siguientes500\2017-04-27_16-24-26~16-25-00_1.trk,31,0
814,E:\DataSet_Laboratory\people2\1\siguientes500\2017-04-27_16-24-26~16-25-00_2.trk,116,0
815,E:\DataSet_Laboratory\people2\1\siguientes500\2017-04-27_16-33-11~16-33-42_0.trk,56,0
816,E:\DataSet_Laboratory\people2\1\siguientes500\2017-04-27_16-34-21~16-34-44_0.trk,55,0
817,E:\DataSet_Laboratory\people2\1\siguientes500\2017-04-27_16-39-06~16-39-30_0.trk,36,0
818,E:\DataSet_Laboratory\people2\1\siguientes500\2017-04-27_16-40-29~16-40-58_1.trk,62,0
819,E:\DataSet_Laboratory\people2\1\siguientes500\2017-04-27_16-40-29~16-40-58_2.trk,59,0
820,E:\DataSet_Laboratory\people2\1\siguientes500\2017-04-27_16-41-14~16-41-43_0.trk,30,0
821,E:\DataSet_Laboratory\people2\1\siguientes500\2017-04-27_16-41-14~16-41-43_4.trk,100,0
822,E:\DataSet_Laboratory\people2\1\siguientes500\2017-04-27_16-41-43~16-42-07_0.trk,53,0
823,E:\DataSet_Laboratory\people2\1\siguientes500\2017-04-27_16-44-10~16-45-01_0.trk,11,0
824,E:\DataSet_Laboratory\people2\1\siguientes500\2017-04-27_16-44-10~16-45-01_1.trk,138,0
825,E:\DataSet_Laboratory\people2\1\siguientes500\2017-04-27_16-44-10~16-45-01_2.trk,13,0
826,E:\DataSet_Laboratory\people2\1\siguientes500\2017-04-27_16-44-10~16-45-01_3.trk,17,0
827,E:\DataSet_Laboratory\people2\1\siguientes500\2017-04-27_16-44-10~16-45-01_4.trk,10,0
828,E:\DataSet_Laboratory\people2\1\siguientes500\2017-04-27_16-44-10~16-45-01_6.trk,101,0
829,E:\DataSet_Laboratory\people2\1\siguientes500\2017-04-27_16-44-10~16-45-01_8.trk,66,0
830,E:\DataSet_Laboratory\people2\1\siguientes500\2017-04-27_16-45-59~16-46-41_0.trk,30,0
831,E:\DataSet_Laboratory\people2\1\siguientes500\2017-04-27_16-45-59~16-46-41_1.trk,40,0
832,E:\DataSet_Laboratory\people2\1\siguientes500\2017-04-27_16-45-59~16-46-41_2.trk,117,0
833,E:\DataSet_Laboratory\people2\1\siguientes500\2017-04-27_16-48-13~16-48-44_0.trk,11,0
834,E:\DataSet_Laboratory\people2\1\siguientes500\2017-04-27_16-48-13~16-48-44_1.trk,49,0
835,E:\DataSet_Laboratory\people2\1\siguientes500\2017-04-27_16-48-13~16-48-44_2.trk,17,0
836,E:\DataSet_Laboratory\people2\1\siguientes500\2017-04-27_16-48-13~16-48-44_3.trk,42,0
837,E:\DataSet_Laboratory\people2\1\siguientes500\2017-04-27_16-48-13~16-48-44_4.trk,14,0
838,E:\DataSet_Laboratory\people2\1\siguientes500\2017-04-27_16-48-47~16-49-50_0.trk,56,0
839,E:\DataSet_Laboratory\people2\1\siguientes500\2017-04-27_16-48-47~16-49-50_1.trk,150,0
840,E:\DataSet_Laboratory\people2\1\siguientes500\2017-04-27_16-48-47~16-49-50_2.trk,52,0
841,E:\DataSet_Laboratory\people2\1\siguientes500\2017-04-27_16-48-47~16-49-50_3.trk,22,0
842,E:\DataSet_Laboratory\people2\1\siguientes500\2017-04-27_16-48-47~16-49-50_4.trk,58,0
843,E:\DataSet_Laboratory\people2\1\siguientes500\2017-04-27_16-48-47~16-49-50_5.trk,15,0
844,E:\DataSet_Laboratory\people2\1\siguientes500\2017-04-27_16-51-38~16-52-21_0.trk,11,0
845,E:\DataSet_Laboratory\people2\1\siguientes500\2017-04-27_16-51-38~16-52-21_2.trk,155,0
846,E:\DataSet_Laboratory\people2\1\siguientes500\2017-04-27_16-51-38~16-52-21_3.trk,40,0
847,E:\DataSet_Laboratory\people2\1\siguientes500\2017-04-27_16-53-38~16-54-09_0.trk,84,0
848,E:\DataSet_Laboratory\people2\1\siguientes500\2017-04-27_16-53-38~16-54-09_1.trk,25,0
849,E:\DataSet_Laboratory\people2\1\siguientes500\2017-04-27_16-55-35~16-55-58_0.trk,117,0
850,E:\DataSet_Laboratory\people2\1\siguientes500\2017-04-27_16-57-25~16-57-48_0.trk,43,0
851,E:\DataSet_Laboratory\people2\1\siguientes500\2017-04-27_17-04-29~17-04-55_1.trk,46,0
852,E:\DataSet_Laboratory\people2\1\siguientes500\2017-04-27_17-04-29~17-04-55_2.trk,30,0
853,E:\DataSet_Laboratory\people2\1\siguientes500\2017-04-27_17-04-29~17-04-55_3.trk,33,0
854,E:\DataSet_Laboratory\people2\1\siguientes500\2017-04-27_17-04-29~17-04-55_4.trk,15,0
855,E:\DataSet_Laboratory\people2\1\siguientes500\2017-04-27_17-05-01~17-05-43_0.trk,160,0
856,E:\DataSet_Laboratory\people2\1\siguientes500\2017-04-27_17-05-01~17-05-43_1.trk,24,0
857,E:\DataSet_Laboratory\people2\1\siguientes500\2017-04-27_17-05-01~17-05-43_2.trk,22,0
858,E:\DataSet_Laboratory\people2\1\siguientes500\2017-04-27_17-05-01~17-05-43_3.trk,31,0
859,E:\DataSet_Laboratory\people2\1\siguientes500\2017-04-27_17-06-18~17-06-44_1.trk,96,0
860,E:\DataSet_Laboratory\people2\1\siguientes500\2017-04-27_17-06-18~17-06-44_2.trk,11,0
861,E:\DataSet_Laboratory\people2\1\siguientes500\2017-04-27_17-10-07~17-10-36_0.trk,42,0
862,E:\DataSet_Laboratory\people2\1\siguientes500\2017-04-27_17-20-07~17-20-36_0.trk,58,0
863,E:\DataSet_Laboratory\people2\1\siguientes500\2017-04-27_17-20-07~17-20-36_1.trk,15,0
864,E:\DataSet_Laboratory\people2\1\siguientes500\2017-04-27_17-23-33~17-23-59_0.trk,66,0
865,E:\DataSet_Laboratory\people2\1\siguientes500\2017-04-27_17-24-39~17-25-00_0.trk,76,0
866,E:\DataSet_Laboratory\people2\1\siguientes500\2017-04-27_17-24-39~17-25-00_1.trk,82,0
867,E:\DataSet_Laboratory\people2\1\siguientes500\2017-04-27_17-36-10~17-36-41_0.trk,60,0
868,E:\DataSet_Laboratory\people2\1\siguientes500\2017-04-27_17-47-03~17-47-37_0.trk,41,0
869,E:\DataSet_Laboratory\people2\1\siguientes500\2017-04-27_17-47-38~17-48-02_0.trk,45,0
870,E:\DataSet_Laboratory\people2\1\siguientes500\2017-04-27_17-51-14~17-51-40_0.trk,38,0
871,E:\DataSet_Laboratory\people2\1\siguientes500\2017-04-27_17-51-51~17-52-14_0.trk,31,0
872,E:\DataSet_Laboratory\people2\1\siguientes500\2017-04-27_17-51-51~17-52-14_1.trk,23,0
873,E:\DataSet_Laboratory\people2\1\siguientes500\2017-04-27_17-51-51~17-52-14_2.trk,21,0
874,E:\DataSet_Laboratory\people2\1\siguientes500\2017-04-27_17-51-51~17-52-14_3.trk,15,0
875,E:\DataSet_Laboratory\people2\1\siguientes500\2017-04-27_17-51-51~17-52-14_4.trk,14,0
876,E:\DataSet_Laboratory\people2\1\siguientes500\2017-04-27_17-52-21~17-52-50_0.trk,144,0
877,E:\DataSet_Laboratory\people2\1\siguientes500\2017-04-27_17-52-21~17-52-50_1.trk,55,0
878,E:\DataSet_Laboratory\people2\1\siguientes500\2017-04-27_17-56-02~17-56-41_0.trk,58,0
879,E:\DataSet_Laboratory\people2\1\siguientes500\2017-04-27_17-58-10~17-58-36_0.trk,24,0
880,E:\DataSet_Laboratory\people2\1\siguientes500\2017-04-27_18-03-09~18-03-48_0.trk,55,0
881,E:\DataSet_Laboratory\people2\1\siguientes500\2017-04-27_18-03-49~18-04-10_0.trk,44,0
882,E:\DataSet_Laboratory\people2\1\siguientes500\2017-04-27_18-05-22~18-05-48_0.trk,27,0
883,E:\DataSet_Laboratory\people2\1\siguientes500\2017-04-27_18-06-13~18-07-32_0.trk,23,0
884,E:\DataSet_Laboratory\people2\1\siguientes500\2017-04-27_18-06-13~18-07-32_1.trk,45,0
885,E:\DataSet_Laboratory\people2\1\siguientes500\2017-04-27_18-06-13~18-07-32_2.trk,42,0
886,E:\DataSet_Laboratory\people2\1\siguientes500\2017-04-27_18-06-13~18-07-32_4.trk,32,0
887,E:\DataSet_Laboratory\people2\1\siguientes500\2017-04-27_18-06-13~18-07-32_6.trk,18,0
888,E:\DataSet_Laboratory\people2\1\siguientes500\2017-04-27_18-06-13~18-07-32_7.trk,56,0
889,E:\DataSet_Laboratory\people2\1\siguientes500\2017-04-27_18-08-37~18-09-00_0.trk,19,0
890,E:\DataSet_Laboratory\people2\1\siguientes500\2017-04-27_18-11-22~18-11-59_0.trk,29,0
891,E:\DataSet_Laboratory\people2\1\siguientes500\2017-04-27_18-11-22~18-11-59_1.trk,31,0
892,E:\DataSet_Laboratory\people2\1\siguientes500\2017-04-27_18-15-17~18-15-46_0.trk,28,0
893,E:\DataSet_Laboratory\people2\1\siguientes500\2017-04-27_18-20-42~18-22-15_0.trk,35,0
894,E:\DataSet_Laboratory\people2\1\siguientes500\2017-04-27_18-20-42~18-22-15_1.trk,293,0
895,E:\DataSet_Laboratory\people2\1\siguientes500\2017-04-27_18-20-42~18-22-15_2.trk,133,0
896,E:\DataSet_Laboratory\people2\1\siguientes500\2017-04-27_18-23-43~18-25-00_0.trk,54,0
897,E:\DataSet_Laboratory\people2\1\siguientes500\2017-04-27_18-23-43~18-25-00_1.trk,11,0
898,E:\DataSet_Laboratory\people2\1\siguientes500\2017-04-27_18-23-43~18-25-00_2.trk,25,0
899,E:\DataSet_Laboratory\people2\1\siguientes500\2017-04-27_18-23-43~18-25-00_3.trk,18,0
900,E:\DataSet_Laboratory\people2\1\siguientes500\2017-04-27_18-23-43~18-25-00_4.trk,20,0
901,E:\DataSet_Laboratory\people2\1\siguientes500\2017-04-27_18-23-43~18-25-00_5.trk,53,0
902,E:\DataSet_Laboratory\people2\1\siguientes500\2017-04-27_18-23-43~18-25-00_6.trk,67,0
903,E:\DataSet_Laboratory\people2\1\siguientes500\2017-04-27_18-23-43~18-25-00_8.trk,22,0
904,E:\DataSet_Laboratory\people2\1\siguientes500\2017-04-27_18-23-43~18-25-00_9.trk,35,0
905,E:\DataSet_Laboratory\people2\1\siguientes500\2017-04-27_18-25-01~18-25-54_0.trk,87,0
906,E:\DataSet_Laboratory\people2\1\siguientes500\2017-04-27_18-25-01~18-25-54_1.trk,69,0
907,E:\DataSet_Laboratory\people2\1\siguientes500\2017-04-27_18-25-01~18-25-54_2.trk,71,0
908,E:\DataSet_Laboratory\people2\1\siguientes500\2017-04-27_18-28-13~18-28-44_0.trk,54,0
909,E:\DataSet_Laboratory\people2\1\siguientes500\2017-04-27_18-32-26~18-32-55_0.trk,84,0
910,E:\DataSet_Laboratory\people2\1\siguientes500\2017-04-27_18-35-35~18-36-06_0.trk,62,0
911,E:\DataSet_Laboratory\people2\1\siguientes500\2017-04-27_18-37-09~18-37-35_0.trk,63,0
912,E:\DataSet_Laboratory\people2\1\siguientes500\2017-04-27_18-37-35~18-38-15_0.trk,35,0
913,E:\DataSet_Laboratory\people2\1\siguientes500\2017-04-27_18-37-35~18-38-15_1.trk,22,0
914,E:\DataSet_Laboratory\people2\1\siguientes500\2017-04-27_18-43-38~18-44-09_0.trk,77,0
915,E:\DataSet_Laboratory\people2\1\siguientes500\2017-04-27_18-43-38~18-44-09_2.trk,21,0
916,E:\DataSet_Laboratory\people2\1\siguientes500\2017-04-27_18-44-10~18-44-31_0.trk,22,0
917,E:\DataSet_Laboratory\people2\1\siguientes500\2017-04-27_18-45-25~18-45-59_0.trk,34,0
918,E:\DataSet_Laboratory\people2\1\siguientes500\2017-04-27_18-53-14~18-53-48_0.trk,62,0
919,E:\DataSet_Laboratory\people2\1\siguientes500\2017-04-27_19-00-02~19-00-58_0.trk,54,0
920,E:\DataSet_Laboratory\people2\1\siguientes500\2017-04-27_19-00-02~19-00-58_1.trk,22,0
921,E:\DataSet_Laboratory\people2\1\siguientes500\2017-04-27_19-08-10~19-08-39_0.trk,10,0
922,E:\DataSet_Laboratory\people2\1\siguientes500\2017-04-27_19-08-10~19-08-39_1.trk,74,0
923,E:\DataSet_Laboratory\people2\1\siguientes500\2017-04-27_19-11-14~19-11-59_0.trk,68,0
924,E:\DataSet_Laboratory\people2\1\siguientes500\2017-04-27_19-22-07~19-22-30_0.trk,33,0
925,E:\DataSet_Laboratory\people2\1\siguientes500\2017-04-27_19-28-13~19-28-39_0.trk,61,0
926,E:\DataSet_Laboratory\people2\1\siguientes500\2017-04-27_19-57-41~19-58-26_0.trk,30,0
927,E:\DataSet_Laboratory\people2\1\siguientes500\2017-04-27_19-57-41~19-58-26_1.trk,37,0
928,E:\DataSet_Laboratory\people2\1\siguientes500\2017-04-27_20-01-19~20-01-48_0.trk,37,0
929,E:\DataSet_Laboratory\people2\1\siguientes500\2017-04-27_20-01-19~20-01-48_1.trk,33,0
930,E:\DataSet_Laboratory\people2\1\siguientes500\2017-04-27_20-09-35~20-10-01_0.trk,81,0
931,E:\DataSet_Laboratory\people2\1\siguientes500\2017-04-27_20-09-35~20-10-01_2.trk,27,0
932,E:\DataSet_Laboratory\people2\1\siguientes500\2017-04-27_20-10-07~20-10-42_0.trk,78,0
933,E:\DataSet_Laboratory\people2\1\siguientes500\2017-04-27_20-33-30~20-34-26_1.trk,284,0
934,E:\DataSet_Laboratory\people2\1\siguientes500\2017-04-27_22-54-05~22-55-01_0.trk,60,0
935,E:\DataSet_Laboratory\people2\1\siguientes500\2017-04-27_22-54-05~22-55-01_3.trk,31,0
936,E:\DataSet_Laboratory\people2\1\siguientes500\2017-04-27_22-54-05~22-55-01_7.trk,85,0
937,E:\DataSet_Laboratory\people2\1\siguientes500\2017-04-27_22-54-05~22-55-01_8.trk,38,0
938,E:\DataSet_Laboratory\people2\1\siguientes500\2017-04-27_22-54-05~22-55-01_9.trk,30,0
939,E:\DataSet_Laboratory\people2\1\siguientes500\2017-04-27_22-56-40~22-57-38_0.trk,30,0
940,E:\DataSet_Laboratory\people2\1\siguientes500\2017-04-27_22-56-40~22-57-38_1.trk,65,0
941,E:\DataSet_Laboratory\people2\1\siguientes500\2017-04-27_23-06-06~23-06-29_0.trk,17,0
942,E:\DataSet_Laboratory\people2\1\siguientes500\2017-04-27_23-06-32~23-06-58_0.trk,19,0
943,E:\DataSet_Laboratory\people2\1\siguientes500\2017-04-28_09-10-34~09-11-16_1.trk,198,0
944,E:\DataSet_Laboratory\people2\1\siguientes500\2017-04-28_09-20-48~09-21-11_0.trk,21,0
945,E:\DataSet_Laboratory\people2\1\siguientes500\2017-04-28_09-21-33~09-22-02_0.trk,22,0
946,E:\DataSet_Laboratory\people2\1\siguientes500\2017-04-28_09-23-01~09-23-35_0.trk,40,0
947,E:\DataSet_Laboratory\people2\1\siguientes500\2017-04-28_09-28-58~09-29-27_0.trk,31,0
948,E:\DataSet_Laboratory\people2\1\siguientes500\2017-04-28_09-30-00~09-30-24_0.trk,30,0
949,E:\DataSet_Laboratory\people2\1\siguientes500\2017-04-28_09-37-17~09-37-43_0.trk,24,0
950,E:\DataSet_Laboratory\people2\1\siguientes500\2017-04-28_09-38-08~09-38-31_0.trk,25,0
951,E:\DataSet_Laboratory\people2\1\siguientes500\2017-04-28_09-39-09~09-39-35_0.trk,25,0
952,E:\DataSet_Laboratory\people2\1\siguientes500\2017-04-28_09-39-09~09-39-35_1.trk,21,0
953,E:\DataSet_Laboratory\people2\1\siguientes500\2017-04-28_09-49-41~09-49-59_0.trk,45,0
954,E:\DataSet_Laboratory\people2\1\siguientes500\2017-04-28_09-49-41~09-49-59_1.trk,72,0
955,E:\DataSet_Laboratory\people2\1\siguientes500\2017-04-28_09-50-00~09-50-13_0.trk,18,0
956,E:\DataSet_Laboratory\people2\1\siguientes500\2017-04-28_10-06-45~10-07-08_0.trk,12,0
957,E:\DataSet_Laboratory\people2\1\siguientes500\2017-04-28_10-13-57~10-14-28_0.trk,312,0
958,E:\DataSet_Laboratory\people2\1\siguientes500\2017-04-28_10-14-29~10-14-48_0.trk,224,0
959,E:\DataSet_Laboratory\people2\1\siguientes500\2017-04-28_10-14-48~10-15-01_0.trk,55,0
960,E:\DataSet_Laboratory\people2\1\siguientes500\2017-04-28_10-17-33~10-18-26_0.trk,104,0
961,E:\DataSet_Laboratory\people2\1\siguientes500\2017-04-28_10-17-33~10-18-26_1.trk,41,0
962,E:\DataSet_Laboratory\people2\1\siguientes500\2017-04-28_10-17-33~10-18-26_2.trk,58,0
963,E:\DataSet_Laboratory\people2\1\siguientes500\2017-04-28_10-18-26~10-18-56_0.trk,33,0
964,E:\DataSet_Laboratory\people2\1\siguientes500\2017-04-28_10-25-14~10-25-40_0.trk,33,0
965,E:\DataSet_Laboratory\people2\1\siguientes500\2017-04-28_10-25-14~10-25-40_1.trk,24,0
966,E:\DataSet_Laboratory\people2\1\siguientes500\2017-04-28_10-25-14~10-25-40_2.trk,21,0
967,E:\DataSet_Laboratory\people2\1\siguientes500\2017-04-28_10-26-10~10-26-29_0.trk,10,0
968,E:\DataSet_Laboratory\people2\1\siguientes500\2017-04-28_10-44-37~10-45-00_0.trk,33,0
969,E:\DataSet_Laboratory\people2\1\siguientes500\2017-04-28_10-44-37~10-45-00_1.trk,135,0
970,E:\DataSet_Laboratory\people2\1\siguientes500\2017-04-28_10-44-37~10-45-00_3.trk,13,0
971,E:\DataSet_Laboratory\people2\1\siguientes500\2017-04-28_10-54-08~10-54-31_0.trk,18,0
972,E:\DataSet_Laboratory\people2\1\siguientes500\2017-04-28_10-54-08~10-54-31_1.trk,20,0
973,E:\DataSet_Laboratory\people2\1\siguientes500\2017-04-28_11-00-40~11-01-14_0.trk,30,0
974,E:\DataSet_Laboratory\people2\1\siguientes500\2017-04-28_11-00-40~11-01-14_1.trk,105,0
975,E:\DataSet_Laboratory\people2\1\siguientes500\2017-04-28_11-00-40~11-01-14_2.trk,24,0
976,E:\DataSet_Laboratory\people2\1\siguientes500\2017-04-28_11-50-00~11-50-18_0.trk,19,0
977,E:\DataSet_Laboratory\people2\1\siguientes500\2017-04-28_11-56-32~11-57-06_0.trk,49,0
978,E:\DataSet_Laboratory\people2\1\siguientes500\2017-04-28_11-56-32~11-57-06_1.trk,24,0
979,E:\DataSet_Laboratory\people2\1\siguientes500\2017-04-28_12-15-36~12-16-13_0.trk,106,0
980,E:\DataSet_Laboratory\people2\1\siguientes500\2017-04-28_12-15-36~12-16-13_1.trk,86,0
981,E:\DataSet_Laboratory\people2\1\siguientes500\2017-04-28_12-15-36~12-16-13_2.trk,20,0
982,E:\DataSet_Laboratory\people2\1\siguientes500\2017-04-28_12-15-36~12-16-13_3.trk,10,0
983,E:\DataSet_Laboratory\people2\1\siguientes500\2017-04-28_12-17-22~12-17-45_0.trk,183,0
984,E:\DataSet_Laboratory\people2\1\siguientes500\2017-04-28_12-17-47~12-18-08_0.trk,29,0
985,E:\DataSet_Laboratory\people2\1\siguientes500\2017-04-28_12-22-59~12-23-25_0.trk,25,0
986,E:\DataSet_Laboratory\people2\1\siguientes500\2017-04-28_12-22-59~12-23-25_2.trk,38,0
987,E:\DataSet_Laboratory\people2\1\siguientes500\2017-04-28_12-24-11~12-24-37_0.trk,33,0
988,E:\DataSet_Laboratory\people2\1\siguientes500\2017-04-28_12-24-11~12-24-37_1.trk,39,0
989,E:\DataSet_Laboratory\people2\1\siguientes500\2017-04-28_12-24-40~12-25-01_0.trk,80,0
990,E:\DataSet_Laboratory\people2\1\siguientes500\2017-04-28_12-27-41~12-28-31_0.trk,28,0
991,E:\DataSet_Laboratory\people2\1\siguientes500\2017-04-28_12-27-41~12-28-31_1.trk,21,0
992,E:\DataSet_Laboratory\people2\1\siguientes500\2017-04-28_12-27-41~12-28-31_2.trk,55,0
993,E:\DataSet_Laboratory\people2\1\siguientes500\2017-04-28_12-27-41~12-28-31_3.trk,324,0
994,E:\DataSet_Laboratory\people2\1\siguientes500\2017-04-28_12-27-41~12-28-31_5.trk,17,0
995,E:\DataSet_Laboratory\people2\1\siguientes500\2017-04-28_12-28-53~12-29-24_0.trk,84,0
996,E:\DataSet_Laboratory\people2\1\siguientes500\2017-04-28_12-28-53~12-29-24_2.trk,24,0
997,E:\DataSet_Laboratory\people2\1\siguientes500\2017-04-28_12-35-20~12-35-43_0.trk,196,0
998,E:\DataSet_Laboratory\people2\1\siguientes500\2017-04-28_12-36-08~12-36-31_0.trk,288,0
999,E:\DataSet_Laboratory\people2\1\siguientes500\2017-04-28_12-36-35~12-36-58_0.trk,82,0
